JGibaNE,Thu, 14 Mar 2019 21:43:20 GMT,click, idea, 35
JGibaNE,Thu, 14 Mar 2019 21:45:31 GMT,click, idea, 35
JGibaNE,Thu, 14 Mar 2019 21:45:41 GMT,click, idea, 6
JGibaNE,Thu, 14 Mar 2019 21:45:59 GMT,click, idea, 6
JGibaNE,Thu, 14 Mar 2019 21:47:44 GMT,click, idea, 6
JGibaNE,Thu, 14 Mar 2019 21:49:33 GMT,click, idea, 6
JGibaNE,Thu, 14 Mar 2019 21:50:12 GMT,click, sortby, comments
JGibaNE,Thu, 14 Mar 2019 21:50:42 GMT,click, sortby, comments
JGibaNE,Thu, 14 Mar 2019 21:50:44 GMT,click, sortby, comments
JGibaNE,Thu, 14 Mar 2019 21:50:56 GMT,click, sortby, angry
JGibaNE,Thu, 14 Mar 2019 21:51:17 GMT,click, sortby, comments
JGibaNE,Thu, 14 Mar 2019 21:51:30 GMT,click, idea, 2
JGibaNE,Thu, 14 Mar 2019 21:52:02 GMT,click, idea, 2
JGibaNE,Thu, 14 Mar 2019 21:52:08 GMT,click, idea, 2
JGibaNE,Thu, 14 Mar 2019 21:52:18 GMT,click, idea, 2
JGibaNE,Thu, 14 Mar 2019 21:52:20 GMT,click, idea, 2
JGibaNE,Thu, 14 Mar 2019 21:52:22 GMT,click, idea, 2
JGibaNE,Thu, 14 Mar 2019 21:52:23 GMT,click, idea, 2
JGibaNE,Thu, 14 Mar 2019 21:52:25 GMT,click, idea, 2
JGibaNE,Thu, 14 Mar 2019 21:52:32 GMT,click, idea, 2
JGibaNE,Thu, 14 Mar 2019 21:52:35 GMT,click, idea, 2
JGibaNE,Thu, 14 Mar 2019 21:52:42 GMT,click, idea, 1
JGibaNE,Thu, 14 Mar 2019 21:52:52 GMT,click, idea, 1
JGibaNE,Thu, 14 Mar 2019 21:53:16 GMT,click, idea, 6
JGibaNE,Thu, 14 Mar 2019 21:53:21 GMT,click, idea, 6
JGibaNE,Thu, 14 Mar 2019 21:59:38 GMT,click, idea, 32
JGibaNE,Thu, 14 Mar 2019 22:00:09 GMT,click, idea, 32
JGibaNE,Thu, 14 Mar 2019 22:01:32 GMT,click, idea, 27
JGibaNE,Thu, 14 Mar 2019 22:01:35 GMT,click, sortby, positive
JGibaNE,Thu, 14 Mar 2019 22:01:41 GMT,click, idea, 31
JGibaNE,Thu, 14 Mar 2019 22:01:55 GMT,click, idea, 31
JGibaNE,Thu, 14 Mar 2019 22:01:56 GMT,click, idea, 27
JGibaNE,Thu, 14 Mar 2019 22:01:58 GMT,click, idea, 27
JGibaNE,Thu, 14 Mar 2019 22:01:59 GMT,click, idea, 27
JGibaNE,Thu, 14 Mar 2019 22:02:01 GMT,click, idea, 27
JGibaNE,Thu, 14 Mar 2019 22:02:05 GMT,click, idea, 27
JGibaNE,Thu, 14 Mar 2019 22:04:12 GMT,click, idea, 2
JGibaNE,Thu, 14 Mar 2019 22:04:35 GMT,click, idea, 2
JGibaNE,Thu, 14 Mar 2019 22:04:40 GMT,click, idea, 2
JGibaNE,Thu, 14 Mar 2019 22:04:43 GMT,click, idea, 27
JGibaNE,Thu, 14 Mar 2019 22:04:50 GMT,click, idea, 27
JGibaNE,Thu, 14 Mar 2019 22:04:52 GMT,click, idea, 27
JGibaNE,Thu, 14 Mar 2019 22:04:53 GMT,click, idea, 27
JGibaNE,Thu, 14 Mar 2019 22:04:59 GMT,click, idea, 27
JGibaNE,Thu, 14 Mar 2019 22:05:01 GMT,click, idea, 27
JGibaNE,Thu, 14 Mar 2019 22:05:28 GMT,click, idea, 27
JGibaNE,Thu, 14 Mar 2019 22:05:29 GMT,click, idea, 27
JGibaNE,Thu, 14 Mar 2019 22:05:32 GMT,click, sortby, excited
JGibaNE,Thu, 14 Mar 2019 22:07:15 GMT,click, sortby, positive
JGibaNE,Thu, 14 Mar 2019 22:07:30 GMT,click, idea, 31
JGibaNE,Thu, 14 Mar 2019 22:07:34 GMT,click, idea, 31
JGibaNE,Thu, 14 Mar 2019 22:07:36 GMT,click, idea, 31
