comment,idea_id,task_id,user_id,created_at,processed,polarity,subjectivity_score,sentiment,sentiment_corenlp,subjectivity_score_corenlp,subjectivity,profanity,named_entities_corenlp,named_entities
"A structure or monument at the Nudillo could incorporate an audio component: When the California Tower play chimes, the chimes could emanate from there as well.",1,1,3,8/4/2017 23:59,structure monument nudillo incorporate audio component california tower play chimes chimes emanate well,0,0,Positive,"Negative,","1,",Fact,0.084572445,"STATE_OR_PROVINCE-California,CITY-Tower,","['Nudillo', 'the California Tower']"
The built form should be lit at night.,1,1,3,8/4/2017 23:59,built form lit night,0,0,Positive,"Neutral,","2,",Fact,0.066590563,"TIME-night,",[]
"More than a plaza, the space can be activated through landscape, a place for food trucks nearby, and implementing a tower structure to memorialize the view/connection to Balboa Park.",1,1,3,8/4/2017 23:59,plaza space activated landscape place food trucks nearby implementing tower structure memorialize view connection balboa park,0.5,0.5,Positive,"Verynegative,","0,",Opinion,0.024679001,"CITY-Balboa,LOCATION-Park,",['Balboa Park']
The structure could incorporate an observation deck. It could echo the tower elements of the California Tower (which is visible from the Nudillo) and the MTS clock tower.,1,1,3,8/4/2017 23:59,structure incorporate observation deck echo tower elements california tower visible nudillo mts clock tower,0,0,Positive,"Negative,Negative,","1,1,",Fact,0.01867086,"STATE_OR_PROVINCE-California,CITY-Tower,ORGANIZATION-MTS,","['the California Tower', 'Nudillo', 'MTS']"
This could be an obelisk or major art piece authored by Barrio artists.,2,1,3,8/4/2017 23:59,obelisk major art piece authored barrio artists,0.0625,0.5,Positive,"Neutral,","2,",Opinion,0.137271152,"PERSON-Barrio,",[]
It is envisioned as a small traffic roundabout with a major art piece in the center in the spirit of Tijuana or Mexico City.,2,1,3,8/4/2017 23:59,envisioned small traffic roundabout major art piece center spirit tijuana mexico city,-0.095833333,0.333333333,Negative,"Positive,","3,",Fact,0.066406043,"CITY-Tijuana,COUNTRY-Mexico,LOCATION-City,","['Tijuana', 'Mexico City']"
I am not sure how it will impact safety,1,7,17,8/5/2017 1:35,sure impact safety,-0.25,0.888888889,Negative,"Neutral,","2,",Opinion,0.093506967,,[]
"Should it be a reference or a comment from workshop participants, should we hide the ideas?",1,10,17,8/5/2017 1:42,reference comment workshop participants hide ideas,0,0,Positive,"Negative,","1,",Fact,0.104864059,,[]
"I am not sure, tell me some of the implications of it",1,9,17,8/5/2017 1:43,sure tell implications,-0.25,0.888888889,Negative,"Negative,","1,",Opinion,0.125095893,,[]
how do you think .......might impact mobility?,1,8,17,8/5/2017 1:47,think might impact mobility,0,0,Positive,"Neutral,","2,",Fact,0.109071947,,[]
how do you think......(building a tower) might impact...,1,7,17,8/5/2017 1:48,think building tower might impact,0,0,Positive,"Neutral,","2,",Fact,0.053806031,,[]
"Safety maybe an issue if the square is small and lots of pedestrians need to cross the roads to use the open space.
\
In that case I would suggest a foot bridge.",3,7,18,8/7/2017 3:48,safety maybe issue square small lots pedestrians need cross roads open space case suggest foot bridge,-0.083333333,0.3,Negative,"Negative,Negative,","1,1,",Fact,0.030761673,,[]
"It would bring lots of excitement and will bring the community closer.
\
 It can also be an offsite location for museum of contemporary art in San Diego.",2,9,18,8/7/2017 3:50,bring lots excitement bring community closer also offsite location museum contemporary art san_diego,0.166666667,0.166666667,Positive,"Positive,Positive,","3,3,",Fact,0.068639945,"CITY-San Diego,",['San Diego']
"If it's planned properly it will improve the quality of life either by providing a space for public art or leisure.
\
It'll encourage the human interaction which is essential for emotional and mental well being.",3,9,18,8/7/2017 3:56,planned properly improve quality_life either providing space public_art leisure ll encourage human interaction essential emotional mental well,-0.016666667,0.236111111,Negative,"Positive,Positive,","3,3,",Fact,0.099958271,,[]
I think it's a great idea. Will provide a space for exchanging ideas and cultural conversations.,2,10,18,8/7/2017 3:58,think great_idea provide space exchanging ideas cultural conversations,0.45,0.425,Positive,"Neutral,Neutral,","2,2,",Fact,0.065182582,,[]
Relevant and great.,2,10,18,8/7/2017 4:12,relevant great,0.6,0.825,Positive,"Positive,","3,",Opinion,0.101878056,,[]
"Like this idea, but you will need to \curate\"" or make sure the art is appropriate.""",2,6,20,8/7/2017 18:29,like idea need curate make sure art appropriate,0.5,0.694444444,Positive,"Positive,","3,",Opinion,0.042392806,,[]
Not at all.,1,7,20,8/7/2017 18:29,,0,0,Positive,"Neutral,","2,",Fact,0.120956044,,[]
Public art always enlivens the area and sets a positive tone.  Just think of Millennial Park in Chicago.,2,10,22,8/7/2017 22:37,public_art always enlivens area sets positive tone think millennial park chicago,0.113636364,0.306060606,Positive,"Neutral,Neutral,","2,2,",Fact,0.059999592,"CITY-Chicago,","['Millennial Park', 'Chicago']"
It's more difficult than it seems and only makes sense if there's a lot of traffic.,3,6,22,8/7/2017 22:37,difficult seems makes sense lot traffic,0,0.833333333,Positive,"Negative,","1,",Opinion,0.06799546,,[]
Mobility won't be impacted.,4,8,22,8/7/2017 22:38,mobility won impacted,0,0,Positive,"Negative,","1,",Fact,0.114145468,,[]
I don't think it would impact the quality of life in the area.,3,9,22,8/7/2017 22:38,don think impact quality_life area,0,0,Positive,"Negative,","1,",Fact,0.121814449,,[]
Maybe this and the public art idea should be combined. into one.,4,5,22,8/7/2017 22:40,maybe public_art idea combined one,0,0.066666667,Positive,"Neutral,Neutral,","2,2,",Fact,0.041449532,"NUMBER-one,",[]
It won't.,3,7,22,8/7/2017 22:42,won,0,0,Positive,"Neutral,","2,",Fact,0.114145468,,[]
I want the color of the tower at El Nudillo to be a light gray with art designs near the bottom of it,1,12,27,8/10/2017 16:50,want color tower el nudillo light gray art designs near bottom,0.25,0.55,Positive,"Neutral,","2,",Opinion,0.017082033,"LOCATION-El Nudillo,",['El Nudillo']
"I think a roundabout at El Nudillo should have 10 crosswalks. There are currently 3 streets forming the intersection, but 5 areas for pedestrians to come from.  If a roundabout were to be created, it should allow for pedestrians to cross from any one of the 5 areas to another of the areas as well as a possible center.",3,12,26,8/10/2017 16:53,think roundabout el nudillo crosswalks currently streets forming intersection areas pedestrians come roundabout created allow pedestrians cross one areas another areas well possible center,-0.025,0.375,Negative,"Negative,Negative,Negative,","1,1,1,",Fact,0.034430331,"ORGANIZATION-El Nudillo,NUMBER-10,DATE-currently,NUMBER-3 5 one 5,",['El Nudillo']
I agree with that height should be treated in a sensitive manner. We should follow the rules of the limit while creating a representation of both cities.,1,10,27,8/10/2017 16:53,agree height treated sensitive manner follow rules limit creating representation cities,0.1,0.9,Positive,"Negative,Negative,","1,1,",Opinion,0.128224296,,[]
"I don't really know what safety is like in the area right now, but it appears to be a confusing intersection. My guess would be that putting in a roundabout would simplify things enough to improve the safety.",3,7,26,8/10/2017 16:54,don really know safety like area right_now appears confusing intersection guess putting roundabout simplify things enough improve safety,0.046428571,0.408928571,Positive,"Negative,Negative,","1,1,",Fact,0.106603198,"DATE-right now,",[]
I think it would bring the community together as it would be a landmark that represents a border between two cities,1,9,27,8/10/2017 16:57,think bring community together landmark represents border two cities,0,0,Positive,"Neutral,","2,",Fact,0.089383621,"NUMBER-two,",[]
I think we can go around this issue by simply turning off the fountain when there is a drought. Or we can make the fountain water efficient so it would conserve more water.,4,10,27,8/10/2017 16:58,think go around issue simply turning fountain drought make fountain water efficient conserve water,0.25,0.428571429,Positive,"Neutral,Neutral,","2,2,",Fact,0.02571219,,[]
"I think this idea will positively impact mobility because with an increase in safety and crosswalks, the intersection a much more comfortable area to traverse.",3,8,26,8/10/2017 16:59,think idea positively impact mobility increase safety crosswalks intersection much comfortable area traverse,0.375757576,0.615151515,Positive,"Negative,","1,",Opinion,0.049893861,,[]
I think it would not impact the quality of life at all because it is a water fountain,4,9,27,8/10/2017 17:01,think impact quality_life water fountain,0,0,Positive,"Neutral,","2,",Fact,0.089175014,,[]
"Yes, if we are trying to get the community together",4,12,27,8/10/2017 17:02,yes trying get community together,0,0,Positive,"Neutral,","2,",Fact,0.061335584,,[]
"ummm.... yes... but aren't I primed to say yes, based on the last two questions? And, if I say yes, why not a yes no or strongly agree/disagree item, then a text area, separate out the elements?",4,12,28,8/10/2017 17:21,ummm yes aren primed say yes based last two questions say yes yes strongly agree disagree item text area separate elements,0.216666667,0.4,Positive,"Negative,Negative,Negative,","1,1,1,",Fact,0.035914699,"NUMBER-two,",[]
"hmm still feeling bad from the last question. Safety: Well you might get people bathing in the fountain, that's kinda disgusting...",4,7,28,8/10/2017 17:23,hmm still feeling bad last question safety well might get people bathing fountain kinda disgusting,-0.566666667,0.577777778,Negative,"Negative,Negative,","1,1,",Opinion,0.127598236,,[]
"I think its feasible, there is a lot of local artists",2,6,30,8/10/2017 18:26,think feasible lot local artists,0,0,Positive,"Positive,","3,",Fact,0.154176235,,[]
"I feel I don't know enough about the area to answer this question, but local residents there could provide more detailed feedback because they have physically seen it.",4,7,29,8/10/2017 18:27,feel don know enough area answer question local residents provide detailed feedback physically seen,0.18,0.378571429,Positive,"Negative,","1,",Fact,0.074619118,,[]
It can bring in tourist so it may impact the families who live there.,2,9,30,8/10/2017 18:28,bring tourist may impact families live,0.136363636,0.5,Positive,"Positive,","3,",Opinion,0.087581606,,[]
I dont think so.,2,7,30,8/10/2017 18:28,dont think,0,0,Positive,"Neutral,","2,",Fact,0.130613343,,[]
Adding a fountain space in the community I think will make it a more welcoming area for everyone. People will safer in walking around and enjoy their time outside.,4,9,29,8/10/2017 18:30,adding fountain space community think make welcoming area everyone people safer walking around enjoy time outside,0.3,0.35,Positive,"Positive,Positive,","3,3,",Fact,0.0558541,,[]
"Based on this submission, the city needs an overall awareness of the issue so they see it as an urgent problem. Following that, the San Diego Water Authority should propose the various possible areas of where the city could supply water from, listing it's pros and cons so the public can assess the factors before one is chosen.",4,5,29,8/10/2017 18:34,based submission city needs overall awareness issue see urgent problem following san_diego water authority propose various possible areas city supply water listing pros cons public assess factors one chosen,0,0.333333333,Positive,"Negative,Negative,","1,1,",Fact,0.013719204,"ORGANIZATION-San Diego Water Authority,NUMBER-one,",['the San Diego Water Authority']
"I dont think building a fountain in the area will necessarily restrict any type of mobility in general. In fact, I think adding a fountain that creates a community atmosphere might encourage more people to spend time outdoors and go biking for example.",4,8,29,8/10/2017 18:35,dont think building fountain area necessarily restrict type mobility general fact think adding fountain creates community atmosphere might encourage people spend time outdoors go biking example,0.183333333,0.666666667,Positive,"Negative,Negative,","1,1,",Opinion,0.008572317,"TITLE-general,",[]
This seems like it would be more of a barrier than something that would provide increased mobility and connectivity.,1,8,32,8/10/2017 21:53,seems like barrier something provide increased mobility connectivity,0.5,0.5,Positive,"Negative,","1,",Opinion,0.070876401,,[]
"This doesn't seem that feasible due to the trolley tracks and the need to control traffic here, which is in direct conflict with a roundabout which is supposed to be free flowing for traffic.",3,6,32,8/10/2017 21:55,doesn seem feasible due trolley tracks need control traffic direct conflict roundabout supposed free flowing traffic,0.125,0.525,Positive,"Negative,","1,",Opinion,0.035554653,,[]
"more activity, people, likely to be safer",2,7,33,8/10/2017 21:56,activity people likely safer,0.25,0.75,Positive,"Negative,","1,",Opinion,0.060979003,,[]
Probably makes it worse due to the larger distances and awkward crossings required at roundabouts.,3,8,32,8/10/2017 21:56,probably makes worse due larger distances awkward crossings required roundabouts,-0.28125,0.61875,Negative,"Negative,","1,",Opinion,0.040712793,,[]
"By beautifying the neighborhood, and having the community participate in the \making\"" will increase pride and care for all.""",2,9,33,8/10/2017 21:57,beautifying neighborhood community participate making increase pride care,0,0,Positive,"Positive,","3,",Fact,0.025850304,,[]
"TRUE---any of the ideas only work if the homeless population is no longer there! It's a nightmare every where, #1 issue to be dealt with first.",2,5,33,8/10/2017 21:58,true ideas work homeless population longer nightmare every issue dealt first,0.125,0.666666667,Positive,"Negative,Negative,","1,1,",Opinion,0.133535246,"MONEY-# 1,ORDINAL-first,",[]
"Love Columbus Circle, but the trolley overly complicates this current location and it's not a similar space, especially since it is activated by all the pedestrian activity that is adjacent in Central Park.",3,5,32,8/10/2017 21:58,love columbus circle trolley overly complicates current location similar space especially since activated pedestrian activity adjacent central park,0.1,0.53,Positive,"Negative,","1,",Opinion,0.0594342,"ORGANIZATION-Columbus Circle,DATE-current,LOCATION-Central Park,","['Columbus Circle', 'Central Park']"
4 - one of each direction,3,12,32,8/10/2017 21:59,one direction,0,0,Positive,"Neutral,","2,",Fact,0.08677752,"NUMBER-4 one,",[]
Would likely make it more dangerous if the space isn't activated and the trolley still runs through here.,3,9,32,8/10/2017 22:00,likely make dangerous space isn activated trolley still runs,-0.033333333,0.8,Negative,"Negative,","1,",Opinion,0.035490837,,[]
AGAIN---COPYING ANOTHER IDEA....I think it should be something NEVER DONE BEFORE,2,10,33,8/10/2017 22:01,copying another idea think something never done,0,0,Positive,"Negative,","1,",Fact,0.085141457,,['IDEA']
merge art and culture of East Village with that of Barrio Logan and celebrate it at this intersection,6,9,35,8/10/2017 22:35,merge art culture east_village barrio_logan celebrate intersection,0,0,Positive,"Negative,","1,",Fact,0.022673853,"LOCATION-East Village Barrio,CITY-Logan,","['East Village', 'Barrio Logan']"
"it would have to be a safe, clean, public plaza with some substantially large pieces of permanent artwork to anchor the space and make it a destination for community events, concerts, etc",6,6,35,8/10/2017 22:37,safe clean public plaza substantially large pieces permanent artwork anchor space make destination community events concerts etc,0.270238095,0.423809524,Positive,"Negative,","1,",Fact,0.040333353,,[]
yes as long as it's monitored,6,5,35,8/10/2017 22:44,yes long monitored,-0.05,0.4,Negative,"Neutral,","2,",Fact,0.090403054,,[]
you'd have a lot of people on the trolley tracks ... including that tree... might conflict with trains.,10,9,37,8/11/2017 0:34,d lot people trolley tracks including tree might conflict trains,0,0,Positive,"Positive,","3,",Fact,0.043854565,,[]
Drawing crowds will make the area feel more lively and safer.,4,7,41,8/11/2017 12:25,drawing crowds make area feel lively safer,0.318181818,0.5,Positive,"Positive,","3,",Opinion,0.063972043,,[]
Highlight the fountain's efficiency and support efforts to recycle water in San Diego.,4,5,41,8/11/2017 12:25,highlight fountain efficiency support efforts recycle water san_diego,0,0,Positive,"Positive,","3,",Fact,0.0711445,"CITY-San Diego,",['San Diego']
"High water table in the area could make a \flush\"" fountain more difficult. May need to be raised.""",4,6,41,8/11/2017 12:26,high water table area make flush fountain difficult may need raised,0.053333333,0.68,Positive,"Neutral,Neutral,","2,2,",Opinion,0.083092146,"DATE-May,",['\\flush\\']
Will need to find a way to do this while being respectful of water conservation.,4,10,41,8/11/2017 12:27,need find way respectful water conservation,0.5,0.7,Positive,"Neutral,","2,",Opinion,0.13125096,,[]
"I have come up with these idea to maximize safety. Currently downtown is very unsafe due to the rush of motor traffic on every street as well as no space for dogs to have a good run. I've notice dogs becoming more aggressive as they must live in apartments and when hey come out on the street it is chaotic and full of noise, sirens, and other unfamiliar dogs. I've seen several dog fights and attacks recently. Additionally, just a simple walk tot he grocery store is nerve wracking, due to motor traffic everywhere at high speeds. My suggestion is that high rise parking be built on one block where the freeways empty into downtown and people be required to park there and take shuttles into the city center. (Very common in most European cities). The emptied streets could then be planted up with green islands that people could actually use to walk, sit in, socialize, and some could be turned in dog runs. You cannot create pedestrian friendly space in a place where motor traffic dominates the area. it's that simple.",3,7,44,8/11/2017 17:35,come idea maximize safety currently downtown unsafe due rush motor_traffic every street well space dogs good run ve notice dogs becoming aggressive must live apartments hey come street chaotic full noise sirens unfamiliar dogs ve seen several dog fights attacks recently additionally simple walk tot grocery store nerve wracking due motor_traffic everywhere high speeds suggestion high rise parking built one block freeways empty downtown people required park take shuttles city center common european cities emptied streets planted green islands people actually walk sit socialize turned dog runs create pedestrian friendly space place motor_traffic dominates area simple,0.098598485,0.396636905,Positive,"Positive,Positive,Positive,Positive,Positive,Positive,Positive,Positive,Positive,Positive,","3,3,3,3,3,3,3,3,3,3,",Fact,0.053930577,"DATE-Currently,CAUSE_OF_DEATH-attacks,DATE-recently,NUMBER-one,NATIONALITY-European,",['European']
"Crosswalks are extremely dangerous. Currently, motor traffic downtown dominates the landscape. Motorists do not wait for pedestrians. They turn in fronton us on their rush to go wherever they are going. They run lights and roll through stop signs. They rush around blind spots such as buses and monster SUVS and trucks and into pedestrian traffic. This idea of a roundabout that is int he center of motor traffic is a very dangerous idea.",3,12,44,8/11/2017 17:37,crosswalks extremely dangerous currently motor_traffic downtown dominates landscape motorists wait pedestrians turn fronton us rush go wherever going run lights roll stop signs rush around blind spots buses monster suvs trucks pedestrian traffic idea roundabout int center motor_traffic dangerous idea,-0.33,0.594444444,Negative,"Negative,Negative,Negative,Negative,Negative,Negative,Negative,","1,1,1,1,1,1,1,",Opinion,0.009072738,"DATE-Currently,",['SUVS']
"If roundabouts are put into the center of motor traffic there will be more pedestrians at risk of injury or death from motors traffic. If no motor traffic is allowed and only Free Ride carts or a small trolley like the Vintage one is int he area, this would be a lovely safe space for pedestrians.",3,9,44,8/11/2017 17:38,roundabouts put center motor_traffic pedestrians risk injury death motors traffic motor_traffic allowed free ride carts small trolley like vintage one int area lovely safe space pedestrians,0.221428571,0.578571429,Positive,"Negative,Negative,","1,1,",Opinion,0.023157708,"NUMBER-one,",[]
"The only way for this to be a pleasant and civilized design is to restrict private vehicle motor traffic. Free Ride carts, the trolley or bikes should be the only traffic allowed in the area. And greenery should be lush in order to mimics air pollution and create shade.",3,8,44,8/11/2017 17:41,way pleasant civilized design restrict private vehicle motor_traffic free ride carts trolley bikes traffic allowed area greenery lush order mimics air pollution create shade,0.233333333,0.763095238,Positive,"Negative,Negative,Negative,","1,1,1,",Opinion,0.020826308,,[]
It is a brilliant idea IF private motor traffic will be restricted. If not I will not risk crossing a busy street full of private vehicles in order to reach the park.,10,9,44,8/11/2017 17:42,brilliant idea private motor_traffic restricted risk crossing busy street full private vehicles order reach park,0.27,0.52,Positive,"Neutral,Neutral,","2,2,",Opinion,0.036971274,,[]
"If private motor traffic is not restricted there will be injuries and fatalities. Additionally, there should be a separate area for dogs, in order to give both dogs and people a safe space in which to socialize. I am not a dog person, I am terrified of them and do not like sharing space with them. However I would like to see dogs have their own space as they are also downtown residents.",10,7,44,8/11/2017 17:46,private motor_traffic restricted injuries fatalities additionally separate area dogs order give dogs people safe space socialize dog person terrified like sharing space however like see dogs space also downtown residents,0.366666667,0.625,Positive,"Neutral,Neutral,Neutral,Neutral,","2,2,2,2,",Opinion,0.082671178,,[]
It is feasible if private motor traffic is restricted and dogs have their own social space.,10,6,44,8/11/2017 17:46,feasible private motor_traffic restricted dogs social space,0.211111111,0.480555556,Positive,"Negative,","1,",Fact,0.048211489,,[]
Brilliant -- love it!,6,6,44,8/11/2017 17:47,brilliant love,0.7625,0.8,Positive,"Positive,","3,",Opinion,0.114448181,,[]
Restrict private motor traffic for public safety please.,6,8,44,8/11/2017 17:48,restrict private motor_traffic public safety please,0,0.220833333,Positive,"Positive,","3,",Fact,0.05338861,,[]
"Roundabouts are most commonly used internationally, yet we have a few in San Diego. This type of functional \intersection\"" will add a distinctive element bridging Barrio Logan with East Village.""",3,6,45,8/15/2017 2:38,roundabouts commonly used internationally yet san_diego type functional intersection add distinctive element bridging barrio_logan east_village,0,0.275,Positive,"Negative,Negative,","1,1,",Fact,0.044101803,"CITY-San Diego,LOCATION-Barrio,CITY-Logan,","['Roundabouts', 'San Diego', 'Barrio Logan', 'East Village']"
Roundabouts keep traffic flowing and offer an opportunity for iconic public art in the middle or on adjacent property.,3,9,45,8/15/2017 2:40,roundabouts keep traffic flowing offer opportunity iconic public_art middle adjacent property,0.166666667,0.188888889,Positive,"Positive,","3,",Fact,0.052372545,,['Roundabouts']
It depends on the number of connecting streets. What is most common in other international cities that incorporate their usage?,3,12,45,8/15/2017 2:48,depends number connecting streets common international cities incorporate usage,0.01875,0.34375,Positive,"Neutral,Neutral,","2,2,",Fact,0.030810097,,[]
"The idea to create a Promenade Real has the potential to bring the community together around art, performance, landscape and temporary interventions.  It would serve to create a linear stage that extends local businesses; encourages a flexible free space for public programming, enhance safety, reduce homeless lingering, all which would provide a better quality of life for the community.",15,9,47,8/17/2017 19:22,idea create promenade real potential bring community together around art performance landscape temporary interventions serve create linear stage extends local businesses encourages flexible free space public programming enhance safety reduce homeless lingering provide better quality_life community,0.183333333,0.444444444,Positive,"Negative,Negative,","1,1,",Fact,0.002678669,,[]
"Very feasible allowing that city works with you to obtain the necessary permits.  I then believe there can be a multi-partnership approach between DTSDP (Clean and Safe), EVA for programming and activation, EVBA (Idea District) for tactical infrastructure (street paint, movable furniture, lighting and landscape).",15,6,47,8/17/2017 19:28,feasible allowing city works obtain necessary permits believe multi partnership approach dtsdp clean safe eva programming activation evba idea district tactical infrastructure street paint movable furniture lighting landscape,0.266666667,0.625,Positive,"Negative,Negative,","1,1,",Opinion,0.003647599,"PERSON-EVA,","['DTSDP', 'EVBA', 'Idea District']"
Love Fanny's thoughts here.,10,5,20,8/18/2017 20:12,love fanny thoughts,0.5,0.6,Positive,"Neutral,","2,",Opinion,0.090773977,,['Fanny']
"As long as we can make it work from a traffic perspective, I love it. It would transform the entire area and it is a very important connection point in downtown.",3,6,20,8/18/2017 20:14,long make work traffic perspective love transform entire area important connection point downtown,0.2425,0.65625,Positive,"Positive,Positive,","3,3,",Opinion,0.025618086,,[]
Art is a wonderful way to connect people within a community.,6,17,51,8/21/2017 21:05,art wonderful way connect people within community,1,1,Positive,"Verypositive,","4,",Opinion,0.027543346,,[]
I don't think it would impact quality of life in the area.,6,16,51,8/21/2017 21:07,don think impact quality_life area,0,0,Positive,"Negative,","1,",Fact,0.121814449,,[]
In this way the railway would not be interfered while all the other part remains working,22,14,53,8/21/2017 21:19,way railway interfered part remains working,-0.125,0.375,Negative,"Negative,","1,",Fact,0.086800774,,[]
there is a downside of this: trunk might have problem passing through,22,6,53,8/21/2017 21:22,downside trunk might problem passing,0,0,Positive,"Neutral,","2,",Fact,0.080938309,,[]
I think it will not have an effect on safety of the area,24,14,52,8/21/2017 21:26,think effect safety area,0,0,Positive,"Neutral,","2,",Fact,0.09683842,,[]
It wont impact life,24,16,52,8/21/2017 21:27,wont impact life,0,0,Positive,"Positive,","3,",Fact,0.214288035,,[]
Not feesible,24,6,52,8/21/2017 21:27,feesible,0,0,Positive,"Neutral,","2,",Fact,0.120956044,,[]
It would impact safety in the area.,14,14,54,8/21/2017 21:27,impact safety area,0,0,Positive,"Neutral,","2,",Fact,0.129413418,,[]
It may require collaboration from the transportation services.,14,6,54,8/21/2017 21:28,may require collaboration transportation services,0,0,Positive,"Neutral,","2,",Fact,0.083383978,,[]
People would have more access to public transit.,14,16,54,8/21/2017 21:28,people access public_transit,0.25,0.283333333,Positive,"Neutral,","2,",Fact,0.080296004,,[]
I like art a lot,2,16,52,8/21/2017 21:28,like art lot,0,0,Positive,"Neutral,","2,",Fact,0.082657278,,[]
It will improve public transit.,14,15,54,8/21/2017 21:29,improve public_transit,0,0.066666667,Positive,"Neutral,","2,",Fact,0.118716765,,[]
It wont  because its art,2,15,52,8/21/2017 21:29,wont art,0,0,Positive,"Neutral,","2,",Fact,0.11154469,,[]
I have no idea what this is,2,14,52,8/21/2017 21:29,idea,0,0,Positive,"Neutral,","2,",Fact,0.088679192,,[]
It might be a good way to move between two places.,24,15,54,8/21/2017 21:30,might good way move two places,0.7,0.6,Positive,"Positive,","3,",Opinion,0.087628807,"NUMBER-two,",[]
It isn't very feasible at all.. due to it's childish nature.,24,6,54,8/21/2017 21:30,isn feasible due childish nature,-0.041666667,0.491666667,Negative,"Neutral,Neutral,Neutral,","2,2,2,",Fact,0.136375141,,[]
May cause some accidents.,24,14,54,8/21/2017 21:30,may cause accidents,0,0,Positive,"Neutral,","2,",Fact,0.123497811,"DATE-May,CAUSE_OF_DEATH-accidents,",[]
The rise of large buildings may cause road blockage.,1,15,51,8/21/2017 21:37,rise large buildings may cause road blockage,0.214285714,0.428571429,Positive,"Neutral,","2,",Fact,0.199609066,,[]
No idea what the towers for used for.,1,17,51,8/21/2017 21:38,idea towers used,0,0,Positive,"Neutral,","2,",Fact,0.061735334,,[]
Could possibly become spot for people to hang out.,1,14,51,8/21/2017 21:38,possibly become spot people hang,0,1,Positive,"Positive,","3,",Opinion,0.171198479,,[]
Without knowing what it is- impossible to understand the impact it would have.,1,16,51,8/21/2017 21:39,without knowing impossible understand impact,-0.666666667,1,Negative,"Negative,","1,",Opinion,0.113553698,,[]
Public transit would run much more smoothly.,14,15,51,8/21/2017 21:39,public_transit run much smoothly,0.3,0.355555556,Positive,"Negative,","1,",Fact,0.103717732,,[]
I think its a great idea,1,1,27,8/21/2017 21:39,think great_idea,0.8,0.75,Positive,"Positive,","3,",Opinion,0.067501222,,[]
What will these platforms afford?,23,17,51,8/21/2017 21:48,platforms afford,0,0,Positive,"Neutral,","2,",Fact,0.126491178,,[]
"Instead, we can have a flat/rigid bridge to make it more accessible.",22,1,3,8/21/2017 22:23,instead flat rigid bridge make accessible,0.4375,0.4375,Positive,"Neutral,","2,",Fact,0.111280215,,[]
Kinetic sculpture: http://www.poetickinetics.com/liquid-shard/,6,1,3,8/21/2017 22:24,kinetic sculpture http www poetickinetics com liquid shard,0,0,Positive,"Neutral,","2,",Fact,0.048287477,"URL-http://www.poetickinetics.com/liquid-shard/,",[]
Completely feasible,25,6,56,8/22/2017 3:07,completely feasible,0.1,0.4,Positive,"Negative,","1,",Fact,0.086594322,,[]
Transportation is what changes American culture,25,16,56,8/22/2017 3:08,transportation changes american culture,0,0,Positive,"Neutral,","2,",Fact,0.080480268,"NATIONALITY-American,","['Transportation', 'American']"
It's not about ME! It's about the neighborhood!,25,17,56,8/22/2017 3:10,neighborhood,0,0,Positive,"Neutral,Neutral,","2,2,",Fact,0.086569362,"STATE_OR_PROVINCE-ME,",[]
Activation = safer,25,14,56,8/22/2017 3:11,activation safer,0,0,Positive,"Neutral,","2,",Fact,0.082993384,,[]
Sense of place,26,14,57,8/22/2017 3:26,sense place,0,0,Positive,"Neutral,","2,",Fact,0.091917077,,[]
"Not very impactful, except to draw more visitors to area (passersby)",26,15,57,8/22/2017 3:28,impactful except draw visitors area passersby,0.2,0.4,Positive,"Negative,","1,",Fact,0.138760037,,[]
Can't lose with this one,26,16,57,8/22/2017 3:29,lose one,0,0,Positive,"Neutral,","2,",Fact,0.128315859,"NUMBER-one,",[]
"Very feasible, with adequate funding, which would be relatively affordable. Perhaps a joint venture between EV and Barrio communities.",26,6,57,8/22/2017 3:29,feasible adequate funding relatively affordable perhaps joint venture ev barrio communities,0.177777778,0.211111111,Positive,"Neutral,Neutral,","2,2,",Fact,0.109636916,"LOCATION-Barrio,",[]
"The objective should not be to separate people from cars, but to separate cars from people. A better model would be a roundabout with no traffic control devices. This has been used successfully in Europe.",22,16,58,8/22/2017 3:39,objective separate people cars separate cars people better model roundabout traffic control devices used successfully europe,0.416666667,0.516666667,Positive,"Negative,Negative,Negative,","1,1,1,",Opinion,0.070692334,"TITLE-model,LOCATION-Europe,",['Europe']
"A bit far from where I live for me to hang out, but I do see it as a destination.",14,17,60,8/22/2017 13:05,bit far live hang see destination,0.118181818,0.75,Positive,"Positive,","3,",Opinion,0.159986847,,[]
"By making it open and comfortable, seating and water features.",14,16,60,8/22/2017 13:07,making open comfortable seating water features,0.2,0.65,Positive,"Positive,","3,",Opinion,0.082042759,,[]
Very doable.,14,6,60,8/22/2017 13:11,doable,0.2,0.3,Positive,"Positive,","3,",Fact,0.120956044,,[]
It needs to be open but with spaces to small to throw a tent.,14,14,60,8/22/2017 13:14,needs open spaces small throw tent,-0.125,0.45,Negative,"Negative,","1,",Fact,0.093448744,,[]
what about ADA access?  pair a suspension bridge with elevators and it becomes less cost - effective.,22,6,61,8/22/2017 14:46,ada access pair suspension bridge elevators becomes less cost effective,0.216666667,0.433333333,Positive,"Negative,Negative,","1,1,",Fact,0.069957947,"ORGANIZATION-ADA,",['ADA']
It looks all but impossible to cross the intersections by walkers or bikers.,27,16,63,8/22/2017 21:36,looks impossible cross intersections walkers bikers,-0.333333333,0.5,Negative,"Negative,","1,",Opinion,0.077146582,,[]
The future seems to be more pedestrian oriented and designing that aspect should be integrated into the project.,27,14,63,8/22/2017 21:38,future seems pedestrian oriented designing aspect integrated project,0.25,0.3125,Positive,"Negative,","1,",Fact,0.061098771,"DATE-The future,",[]
It is a necessity change for the future growth of the area.,27,6,63,8/22/2017 21:45,necessity change future growth area,0,0.125,Positive,"Positive,","3,",Fact,0.06899993,"DATE-the future,",[]
Right now this intersection is kind of a no-man's land.  This would bring pedestrians into the area and make it vital.,6,16,65,8/23/2017 23:12,right_now intersection kind man land bring pedestrians area make vital,0.328571429,0.611904762,Positive,"Positive,Positive,","3,3,",Opinion,0.163582679,"DATE-Right now,",[]
"Increase pedestrian traffic, which would pave the way for pedestrian businesses, like restaurants, clothing stores, banks, etc.",6,15,65,8/23/2017 23:13,increase pedestrian traffic pave way pedestrian businesses like restaurants clothing stores banks etc,0,0,Positive,"Negative,","1,",Fact,0.044523728,,[]
East Village is a very walkable area.  This will expand that pedestrian presence right into Barrio Logan.  It will bring the area back to life.,6,10,65,8/23/2017 23:15,east_village walkable area expand pedestrian presence right barrio_logan bring area back life,0.161904762,0.278571429,Positive,"Positive,Positive,Positive,","3,3,3,",Fact,0.119236014,"LOCATION-East Village Barrio,CITY-Logan,","['East Village', 'Barrio Logan']"
"At first, it might cause severe traffic problems and accidents, as people would not be used to the changes.  In the long run, I think it's a great idea.  If we could do this on several streets downtown, it would make the whole area more livable and inviting.  Encouraging pedestrian, bicycling and public transit will enhance our city.",15,14,65,8/23/2017 23:18,first might cause severe traffic problems accidents people used changes long run think great_idea several streets downtown make whole area livable inviting encouraging pedestrian bicycling public_transit enhance city,0.242857143,0.35,Positive,"Negative,Negative,Negative,Negative,","1,1,1,1,",Fact,0.021875771,"ORDINAL-first,CAUSE_OF_DEATH-accidents,",[]
"I would prefer a roundabout, with safe crosswalks, encouraging pedestrian access.  In my experience, people often just avoid bridges, because they don't want to take the extra time to climb up to them.  I think pedestrians would just run across the street between cars to avoid using the bridge.",22,16,65,8/23/2017 23:23,prefer roundabout safe crosswalks encouraging pedestrian access experience people often avoid bridges don want take extra time climb think pedestrians run across street cars avoid using bridge,0.25,0.3,Positive,"Negative,Negative,Negative,","1,1,1,",Fact,0.055821266,,[]
"An open space, with artwork and benches, would be much more attractive for me.  There are very few places to stop and sit down when one is walking in the East Village.  Comfortable seats would really attract me.",22,17,65,8/23/2017 23:26,open space artwork benches much attractive places stop sit one walking east_village comfortable seats really attract,0.212063492,0.488412698,Positive,"Negative,Negative,Negative,","1,1,1,",Fact,0.10276072,"NUMBER-one,LOCATION-East Village,","['the East Village', 'Comfortable']"
It only impacts safety if people use it.  Right now there aren't many pedestrians in the area.  I think closing 14th street to vehicle traffic and making this murillo into a small park would do a lot more to increase safety in the area.,22,14,65,8/23/2017 23:28,impacts safety people right_now aren many pedestrians area think closing 14th street vehicle traffic making murillo small park lot increase safety area,0.207142857,0.587142857,Positive,"Negative,Negative,Negative,","1,1,1,",Opinion,0.070919774,"DATE-Right now,ORDINAL-14th,",[]
"Not feasible, as much as I would love this.  Perhaps a portion of the green street could be closed to traffice",15,6,66,8/24/2017 1:44,feasible much love perhaps portion green street closed traffice,0.1,0.3,Positive,"Neutral,Neutral,","2,2,",Fact,0.071498753,,[' ']
Great idea but I would concentrate on one thing and my preference would be a green street.  We have the climate to do this.  New York does not.,15,5,66,8/24/2017 1:50,great_idea concentrate one thing preference green street climate new york,0.245454545,0.501515152,Positive,"Negative,Negative,Negative,","1,1,1,",Opinion,0.01907079,"NUMBER-one,STATE_OR_PROVINCE-New York,","[' ', 'New York']"
"It would change things.  That would be good, as far as I am concerned.",15,15,66,8/24/2017 1:51,change things good far concerned,0.4,0.8,Positive,"Positive,Positive,","3,3,",Opinion,0.075335323,,[]
I would like a tree shaded green space where residents can gather to hear music or attend a farmers market. Also the tower concept would probably just offer more architecture . How about a sky lift to take us to BalboaPark or over to Coronado or Little Italy? We need plazas to meet others and people watch with sidewalk cafes.,1,17,67,8/24/2017 2:05,like tree shaded green space residents gather hear music attend farmers market also tower concept probably offer architecture sky lift take us balboapark coronado little italy need plazas meet others people watch sidewalk cafes,0.0375,0.433333333,Positive,"Negative,Negative,Negative,Negative,","1,1,1,1,",Fact,0.014832677,"COUNTRY-Italy,","['BalboaPark', 'Coronado', 'Italy']"
The automobile must be routed around the area,1,14,67,8/24/2017 2:07,automobile must routed around area,0,0,Positive,"Neutral,","2,",Fact,0.128605816,,[]
"The property values would increase as the area would give the neighborhood a cultural gathering and artful space for all kinds of special events. Are exhibits, live acting and dance parties.",1,16,67,8/24/2017 2:11,property values increase area give neighborhood cultural gathering artful space kinds special events exhibits live acting dance parties,0.148376623,0.292857143,Positive,"Neutral,Neutral,","2,2,",Fact,0.022884294,,[]
The transportation is in place and will facilitate access withou needing a lot of parking,1,15,67,8/24/2017 2:12,transportation place facilitate access withou needing lot parking,0,0,Positive,"Negative,","1,",Fact,0.092273941,,[]
"Public art is great in theory, but most public art is polarizing.",6,16,68,8/24/2017 23:35,public_art great theory public_art polarizing,0.325,0.345833333,Positive,"Positive,","3,",Fact,0.02859308,,[]
Subpar art is not a reason to get me to go anywhere.,6,17,68,8/24/2017 23:37,subpar art reason get go anywhere,0,0,Positive,"Negative,","1,",Fact,0.073052885,,[]
Unless the art is staffed by security.,6,14,68,8/24/2017 23:38,unless art staffed security,0,0,Positive,"Negative,","1,",Fact,0.073625175,,[]
The sound of running water has been known to calm people.,4,14,68,8/24/2017 23:39,sound running water known calm people,0.35,0.575,Positive,"Neutral,","2,",Opinion,0.084385778,,[]
Fountains are pretty.,4,16,68,8/24/2017 23:39,fountains pretty,0.25,1,Positive,"Positive,","3,",Opinion,0.102896143,,['Fountains']
A giant plaza with no market will become a homeless destination.,14,10,68,8/24/2017 23:41,giant plaza market become homeless destination,0,1,Positive,"Negative,","1,",Opinion,0.099281698,,[]
"We had big dreams for Horton Plaza Park and look how that has turned out,.",14,16,68,8/24/2017 23:42,big dreams horton plaza park look turned,0,0.1,Positive,"Negative,","1,",Fact,0.126118217,"LOCATION-Horton Plaza Park,",['Horton Plaza Park']
"Given its proximity to the 12th & Imperial stop, this could be a good place to wait for the next train or bus.",14,15,68,8/24/2017 23:42,given proximity 12th imperial stop good place wait next train bus,0.35,0.3,Positive,"Negative,","1,",Fact,0.1713502,"ORDINAL-12th,CRIMINAL_CHARGE-train,",['& Imperial']
Great thought.,31,16,68,8/24/2017 23:43,great thought,0.8,0.75,Positive,"Positive,","3,",Opinion,0.086708989,,[]
Most safety isssues are perception issues.Help the homeless; elevate the perception of safety for everyone else.,31,14,68,8/24/2017 23:43,safety isssues perception issues help homeless elevate perception safety everyone else,0.5,0.5,Positive,"Negative,","1,",Opinion,0.142186251,,[]
Far more attractive to walk on a clean street and not have to step over a human sleeping in a nook.,31,15,68,8/24/2017 23:44,far attractive walk clean street step human sleeping nook,0.353333333,0.66,Positive,"Negative,","1,",Opinion,0.201772235,,[]
More housing is what we need.,1,16,68,8/24/2017 23:46,housing need,0.5,0.5,Positive,"Neutral,","2,",Opinion,0.132974457,,[]
An interesting building like the Flatiron is way more impressive than some new homeless park.,1,17,68,8/24/2017 23:47,interesting building like flatiron way impressive new homeless park,0.534090909,0.613636364,Positive,"Positive,","3,",Opinion,0.030847904,"LOCATION-Flatiron,",['Flatiron']
More development = more money to Clean and Safe.,1,14,68,8/24/2017 23:47,development money clean safe,0.466666667,0.55,Positive,"Negative,","1,",Opinion,0.054273707,,['Clean and Safe']
This is a waste of time. You are over-engineering a place without any soul yet. Let the area develop then go back in with your fancy lights.,1,5,68,8/24/2017 23:48,waste time engineering place without soul yet let area develop go back fancy lights,-0.1,0,Negative,"Neutral,Neutral,Neutral,","2,2,2,",Fact,0.099912846,,[]
More people living and working near a major transit center means less use for a personal car.,1,15,68,8/24/2017 23:49,people living working near major transit center means less personal car,0.065972222,0.311111111,Positive,"Negative,","1,",Fact,0.047058652,,[]
Shouldn't happen.,10,6,68,8/24/2017 23:50,shouldn happen,0,0,Positive,"Negative,","1,",Fact,0.106984366,,[]
"This has \sucker\"" written all over it.""",24,17,68,8/24/2017 23:52,sucker written,0,0,Positive,"Negative,","1,",Fact,0.208218572,"NUMBER-\,",[]
This will do nothing for no body.,24,15,68,8/24/2017 23:54,nothing body,0,0,Positive,"Negative,","1,",Fact,0.123013108,,[]
This is nonsense.,25,10,68,8/24/2017 23:56,nonsense,0,0,Positive,"Negative,","1,",Fact,0.201623955,,[]
Nonsense,25,5,68,8/24/2017 23:57,nonsense,0,0,Positive,"Neutral,","2,",Fact,0.201623955,,[]
I think a full time promenade on a street with no current importance is silly. The examples given in the description became pedestrian only after they were successful streets. Stop putting the cart before the horse.,15,12,68,8/24/2017 23:59,think full time promenade street current importance silly examples given description became pedestrian successful streets stop putting cart horse,0.12,0.755,Positive,"Neutral,Neutral,Neutral,","2,2,2,",Opinion,0.101633202,"DATE-current,",[]
"A pedestrian promenade would be nice, just not on 14th..",15,16,68,8/24/2017 23:59,pedestrian promenade nice 14th,0.6,1,Positive,"Neutral,Neutral,","2,2,",Opinion,0.102665084,"ORDINAL-14th,",[]
"It would take time for me to visit. I think it would take almost a full decade for the promenade to \fill-in\"" before that it will feel deserted.""",15,17,68,8/25/2017 0:01,take time visit think take almost full decade promenade fill feel deserted,0.35,0.55,Positive,"Neutral,Neutral,","2,2,",Opinion,0.067502466,"DURATION-decade,",[]
Segregated walk spaces? You are asking for trouble.,22,14,68,8/25/2017 0:01,segregated walk spaces asking trouble,-0.2,0.2,Negative,"Negative,Negative,","1,1,",Fact,0.070145129,,[]
Getting mugged will be the least of your problems.,22,16,68,8/25/2017 0:03,getting mugged least problems,-0.3,0.4,Negative,"Negative,","1,",Fact,0.110668785,,[]
Awful. Just awful.,22,6,68,8/25/2017 0:04,awful awful,-1,1,Negative,"Negative,Negative,","1,1,",Opinion,0.328813067,,[]
"Yeah, this person hit the nail on the head. Don't make walking the hardest option.",22,10,68,8/25/2017 0:04,yeah person hit nail head don make walking hardest option,0,0,Positive,"Neutral,Neutral,","2,2,",Fact,0.071253812,,[]
You already asked me this.,22,5,68,8/25/2017 0:04,already asked,0,0,Positive,"Neutral,","2,",Fact,0.124339799,,[]
This idea is not an idea.,27,5,68,8/25/2017 0:05,idea idea,0,0,Positive,"Negative,","1,",Fact,0.064772818,,[]
This is just fluff. It doesn't mean anything. There were no concrete ideas.,27,6,68,8/25/2017 0:05,fluff doesn mean anything concrete ideas,-0.1625,0.429166667,Negative,"Negative,Negative,Negative,","1,1,1,",Fact,0.082174097,,[]
Garbage,27,10,68,8/25/2017 0:05,garbage,0,0,Positive,"Neutral,","2,",Fact,0.299655678,,[]
This sounds like an entry level course paper written by freshman.,27,17,68,8/25/2017 0:06,sounds like entry level course paper written freshman,0,0,Positive,"Negative,","1,",Fact,0.031537442,,[]
Without more context I cannot speak to what a double diamond interchange is.,27,12,68,8/25/2017 0:06,without context speak double diamond interchange,0.25,0.25,Positive,"Negative,","1,",Fact,0.071110765,,[]
This is fluff. The participant did not provide any concrete ideas for their concept.,26,6,68,8/25/2017 0:07,fluff participant provide concrete ideas concept,0.025,0.3,Positive,"Negative,Negative,","1,1,",Fact,0.0476264,,[]
Meh. Sounds forced.,26,10,68,8/25/2017 0:08,meh sounds forced,-0.3,0.2,Negative,"Neutral,Neutral,","2,2,",Fact,0.118447355,,['Meh']
Traffic circles will not inspire me to go anywhere.,3,17,68,8/25/2017 0:09,traffic circles inspire go anywhere,0,0,Positive,"Negative,","1,",Fact,0.070368366,,[]
Roundabouts are safer than traditional intersections.,3,16,68,8/25/2017 0:10,roundabouts safer traditional intersections,0,0.75,Positive,"Neutral,","2,",Opinion,0.080275442,,['Roundabouts']
No one is going to care that some four year old painted on the side of a building.,2,15,68,8/25/2017 0:13,one going care four year old painted side building,0.1,0.2,Positive,"Neutral,","2,",Fact,0.080858782,"NUMBER-one,DURATION-four year old,",[]
Bad art is not good enough to get me to visit.,2,17,68,8/25/2017 0:13,bad art good enough get visit,-0.35,0.588888889,Negative,"Negative,","1,",Opinion,0.079991115,,[]
"I think a half-a-million dollar condo next to some ugly mural is, in fact, going to have a negative impact on quality of life.",2,16,68,8/25/2017 0:14,think half million dollar condo next ugly mural fact going negative impact quality_life,-0.333333333,0.466666667,Negative,"Negative,","1,",Fact,0.293588838,,[]
"Why not have a three or four story observatory tower at this end.  At the roof top area can have telescopes to view the entire Promenade walkway and the entire East Village neighborhood.  The middle level could house a cafe/restaurant with tables, chairs, and provide a relaxing atmosphere to interact with neighbors.  The first floor will be just to travel across the street -- ada provisions needed (elevators or escalators).",22,5,73,8/26/2017 2:06,three four story observatory tower end roof top area telescopes view entire promenade walkway entire east_village neighborhood middle level house cafe restaurant tables chairs provide relaxing atmosphere interact neighbors first floor travel across street ada provisions needed elevators escalators,0.15,0.416666667,Positive,"Negative,Negative,Negative,Negative,","1,1,1,1,",Fact,0.008071513,"NUMBER-three four,LOCATION-East Village,ORDINAL-first,","['Promenade', 'East Village']"
"A two story triangle platform would not attract residents or tourists interests.  Again, try using a taller structure similar to the Paris Ethel Tower on a much smaller scale.  It would complete the connection along the Promenade with a spectacular landmark for both neighborhoods.",22,17,73,8/26/2017 2:11,two story triangle platform attract residents tourists interests try using taller structure similar paris ethel tower much smaller scale complete connection along promenade spectacular landmark neighborhoods,0.175,0.55,Positive,"Positive,Positive,Positive,","3,3,3,",Opinion,0.010455663,"NUMBER-two,CITY-Paris,LOCATION-Ethel,CITY-Tower,","['Paris Ethel Tower', 'Promenade']"
"As mentioned before, this is not very imaginative.",22,16,73,8/26/2017 2:12,mentioned imaginative,-0.230769231,0.538461538,Negative,"Negative,","1,",Opinion,0.093333879,,[]
I answered this question under my first comments.,22,10,73,8/26/2017 2:12,answered question first comments,0.25,0.333333333,Positive,"Positive,","3,",Fact,0.065696804,"ORDINAL-first,",[]
I really like this design.,34,14,74,8/27/2017 19:53,really like design,0.2,0.2,Positive,"Positive,","3,",Fact,0.081731007,,[]
"I would have to know the cost to create this project, but I would like to believe it is very feasible.",34,6,74,8/27/2017 19:54,know cost create project like believe feasible,0.2,0.3,Positive,"Negative,","1,",Fact,0.076268723,,[]
I believe it will have a very possitive impact on the area and will become an important tourist attraction.,34,16,74,8/27/2017 20:03,believe possitive impact area become important tourist attraction,0.3,0.65,Positive,"Positive,","3,",Opinion,0.078629044,,[]
"Again, I find it difficult to connect the library with the Wonder Bread building.",27,16,74,8/27/2017 20:05,find difficult connect library wonder bread building,-0.5,1,Negative,"Negative,","1,",Opinion,0.049098911,,['Wonder Bread']
No idea.,27,5,74,8/27/2017 20:07,idea,0,0,Positive,"Neutral,","2,",Fact,0.088679192,,[]
No comment or ideas.,27,10,74,8/27/2017 20:07,comment ideas,0,0,Positive,"Neutral,","2,",Fact,0.124570765,,[]
I'm not sure about the pictures I am looking at under additional images.  Will there be an art piece placed in a green area?  Not sure it is needed.,33,6,74,8/27/2017 20:14,sure pictures looking additional images art piece placed green area sure needed,-0.233333333,0.692592593,Negative,"Positive,Positive,Positive,","3,3,3,",Opinion,0.027628689,,[]
Anytime you activate an area crime goes down.,33,14,74,8/27/2017 20:16,anytime activate area crime goes,-0.155555556,0.288888889,Negative,"Negative,","1,",Fact,0.139596867,,[]
The archway will allow a special conclusion of the promenade walkway.,33,17,74,8/27/2017 20:19,archway allow special conclusion promenade walkway,0.357142857,0.571428571,Positive,"Neutral,","2,",Opinion,0.117482872,,[]
"I don't have a problem with the name \El Nudillo\"" but it should be polled with other choices.  I do agree that the entire South Plan Focus project is missing the absolute necessity for high density projects to guaranty the future success of the area.""",32,6,74,8/27/2017 20:26,don problem name el nudillo polled choices agree entire south plan focus project missing absolute necessity high density projects guaranty future success area,0.047857143,0.373571429,Positive,"Negative,Negative,","1,1,",Fact,0.009072922,"NUMBER-\,DATE-the future,",[]
"Although I don't believe it will have a major impact on mobility, I still believe that the naming should be a community decision.",32,15,74,8/27/2017 20:28,although don believe major impact mobility still believe naming community decision,0.0625,0.5,Positive,"Negative,","1,",Opinion,0.025959113,,[]
It will have minimal effect on the quality of life in the area.,32,16,74,8/27/2017 20:29,minimal effect quality_life area,-0.1,0.6,Negative,"Positive,","3,",Opinion,0.150072224,,[]
"I like the idea of a transit hub, but one already exists just down the street",25,15,84,8/29/2017 5:24,like idea transit_hub one already exists street,-0.155555556,0.288888889,Negative,"Negative,","1,",Fact,0.102856793,"NUMBER-one,",[]
"Victoria Station is a transit hub with a variety of services, including a grocery store, restaurants and pharmacy.  Using public transit shouldn't isolate people from these conveniences, as it often does in San Diego (e.g., Old Town Transit Center).",25,5,84,8/29/2017 5:34,victoria station transit_hub variety services including grocery store restaurants pharmacy using public_transit shouldn isolate people conveniences often san_diego g old town transit center,0,0.122222222,Positive,"Negative,Negative,","1,1,",Fact,0.037645589,"CITY-Victoria,LOCATION-Station,CITY-San Diego Old Town,LOCATION-Transit Center,","['Victoria Station', 'San Diego', 'Old Town Transit Center']"
"Relatively feasible, but I'd need more information",25,6,84,8/29/2017 5:35,relatively feasible d need information,0.25,0.25,Positive,"Negative,","1,",Fact,0.124525352,,[]
"It could have a positive impact by connecting bus and trolley service, even more so if commercial and residential development were included",25,16,84,8/29/2017 5:35,positive impact connecting bus trolley service even commercial residential development included,0.242424242,0.348484848,Positive,"Negative,","1,",Fact,0.052353286,,[]
"Many projects offered will be at great expense. The other factor is the project or major elements within its body may ultimately be overtaken by the city to accommodate a sports stadium.  Whatever is placed and purposed should keep in mind that 5-10-15 years down the line,  the fabric of what is to be built may be unbound.  Whatever is built should accommodate thar inevitability and be proactively designed to adapt positively to future projects.",15,6,87,8/29/2017 9:19,many projects offered great expense factor project major elements within body may ultimately overtaken city accommodate sports stadium whatever placed purposed keep mind years line fabric built may unbound whatever built accommodate thar inevitability proactively designed adapt positively future projects,0.154563492,0.505555556,Positive,"Negative,Negative,Negative,Negative,","1,1,1,1,",Opinion,0.021157321,"DATE-5-10-15,DURATION-years,DATE-future,",[' ']
Whatever is built should accomodate tiny mom and pop merchants.  Not just vendors that can put tens or hundreds of thousands in a lease or license.,15,10,87,8/29/2017 9:24,whatever built accomodate tiny mom pop merchants vendors put tens hundreds thousands lease license,0,0.5,Positive,"Negative,Negative,","1,1,",Opinion,0.127084981,,[]
People will want to use it to get a different view of the city,24,15,93,8/29/2017 20:07,people want get different view city,0,0.6,Positive,"Neutral,","2,",Opinion,0.101451744,,[]
Love it,24,10,93,8/29/2017 20:07,love,0.5,0.6,Positive,"Neutral,","2,",Opinion,0.118436169,,[]
Open glass windows for visual,24,5,93,8/29/2017 20:08,open glass windows visual,0,0.25,Positive,"Neutral,","2,",Fact,0.079398541,,[]
Homeless,10,10,93,8/29/2017 20:09,homeless,0,0,Positive,"Neutral,","2,",Fact,0.140900221,,[]
There isn't really any park right now. But no one is going to go if there are people living in it all day :/ (similar to the dream of the park by Holsem),10,16,94,8/29/2017 20:16,isn really park right_now one going go people living day similar dream park holsem,0.058928571,0.533928571,Positive,"Negative,Negative,","1,1,",Opinion,0.073457765,"DATE-right now,NUMBER-one,DURATION-day,ORGANIZATION-Holsem,",['Holsem']
True- put things people can use and space to sit and relax,10,10,94,8/29/2017 20:17,true put things people space sit relax,0.35,0.65,Positive,"Neutral,","2,",Opinion,0.124503781,,[]
It's not safe right now,10,14,94,8/29/2017 20:19,safe right_now,0.017857143,0.517857143,Positive,"Negative,","1,",Opinion,0.076519641,"DATE-right now,",[]
Need more information,22,6,96,8/29/2017 20:28,need information,0.5,0.5,Positive,"Neutral,","2,",Opinion,0.107726816,,[]
How would it work for ADA?,22,15,96,8/29/2017 20:35,work ada,0,0,Positive,"Neutral,","2,",Fact,0.107249642,"ORGANIZATION-ADA,",['ADA']
"Not enough information. What does \romantic and cheap\"" mean?""",22,16,96,8/29/2017 20:35,enough information romantic cheap mean,-0.15625,0.59375,Negative,"Neutral,Neutral,","2,2,",Opinion,0.132843842,,['cheap\\']
Not enough information,22,17,96,8/29/2017 20:35,enough information,0,0.5,Positive,"Neutral,","2,",Opinion,0.118324176,,[]
Need to see renderings.,27,12,96,8/29/2017 20:36,need see renderings,0,0,Positive,"Neutral,","2,",Fact,0.110102087,,[]
Does it displace the homeless currently in the area?,27,16,96,8/29/2017 20:39,displace homeless currently area,0,0.4,Positive,"Negative,","1,",Fact,0.11176493,"DATE-currently,",[]
Not very feasible,27,6,96,8/29/2017 20:41,feasible,-0.1,0.3,Negative,"Neutral,","2,",Fact,0.113696882,,[]
Hard to visualize. Need renderings,27,5,96,8/29/2017 20:41,hard visualize need renderings,-0.291666667,0.541666667,Negative,"Neutral,Neutral,","2,2,",Opinion,0.112894469,,[]
"Now, the area is void of positive activity.  This idea would saturate the area with people and bus traffic and pollution.  Therefore, this idea has the potential to enliven the area and to further degrade the area.  It must be implemented carefully with no permanent bus parking, or long term waiting in the area.",25,16,104,8/29/2017 21:51,now area void positive activity idea saturate area people bus traffic pollution therefore idea potential enliven area degrade area must implemented carefully permanent bus parking long term waiting area,0.015454545,0.689090909,Positive,"Negative,Negative,Negative,Negative,","1,1,1,1,",Opinion,0.159974507,"DATE-Now,",[]
"At this point I am unclear how this would be a transit hub, since the adjacent north/ south streets are not appropriate for heavy bus traffic.  I do think the idea is worth further study.",25,6,104,8/29/2017 21:56,point unclear transit_hub since adjacent north south streets appropriate heavy bus traffic think idea worth study,-0.0375,0.4,Negative,"Positive,Positive,","3,3,",Fact,0.025483085,,[]
"If 14th St and National Street are designed to focus on providing a pedestrian and bike friendly urban path, the idea of a transit hub for bus and trolley may be misguided.",25,15,104,8/29/2017 21:59,14th st national street designed focus providing pedestrian bike friendly urban path idea transit_hub bus trolley may misguided,0.1875,0.25,Positive,"Negative,","1,",Fact,0.038089734,"ORDINAL-14th,",['National Street']
"Agree with Dennis - most of these look like another place for the homeless to camp out, bathe (the fountain) or panhandle.  Look at the library!",31,15,95,8/29/2017 22:00,agree dennis look like another place homeless camp bathe fountain panhandle look library,0.625,0.5,Positive,"Neutral,Neutral,","2,2,",Opinion,0.073428192,"PERSON-Dennis,",[]
Exactly!  Spend the money on housing for the homeless.  San Diego is a great city except that it is now occupied by homeless and their encampments!,31,12,95,8/29/2017 22:01,exactly spend money housing homeless san_diego great city except now occupied homeless encampments,0.65625,0.5,Positive,"Positive,Positive,Positive,","3,3,3,",Opinion,0.112463276,"CITY-San Diego,DATE-now,",['San Diego']
I couldn't agree more - it's totally disgusting that our beautiful new library is another homeless camp - who would bring their children to a library if they have to walk through the homeless camp to do it?,31,10,95,8/29/2017 22:02,couldn agree totally disgusting beautiful new library another homeless camp bring children library walk homeless camp,0.121590909,0.738636364,Positive,"Negative,","1,",Opinion,0.154221732,,[]
"The idea that San Diego is a city of neighborhoods is essential to the development of this particular site.  This juncture should not be seen in isolation, but as an opportunity to act as a catalyst to link neighborhoods.   It is not only a connector of neighborhoods, but also a transition point of one distinctly unique and cherished historical district (the Barrio) and another neighborhood also rich in history, but one more of transitions (East Village).  The link of these neighborhoods to Golden Hills and to Balboa Park is also essential to this idea.  The idea of the Nudillo should be one that can transform and be enriched over time.",25,5,104,8/29/2017 22:11,idea san_diego city neighborhoods essential development particular site juncture seen isolation opportunity act catalyst link neighborhoods connector neighborhoods also transition point one distinctly unique cherished historical district barrio another neighborhood also rich history one transitions east_village link neighborhoods golden hills balboa park also essential idea idea nudillo one transform enriched time,0.190740741,0.52037037,Positive,"Positive,Positive,Positive,Positive,Positive,","3,3,3,3,3,",Opinion,0.002730861,"CITY-San Diego,NUMBER-one one,LOCATION-East Village,CITY-Golden,LOCATION-Hills,CITY-Balboa,LOCATION-Park,NUMBER-one,","['San Diego', 'East Village', 'Golden Hills', 'Balboa Park', 'Nudillo']"
Make it as bike friendly as possible,14,5,109,8/30/2017 0:37,make bike friendly possible,0.1875,0.75,Positive,"Positive,","3,",Opinion,0.076140246,,[]
Should be  a no brainer,14,6,109,8/30/2017 0:37,brainer,0,0,Positive,"Neutral,","2,",Fact,0.107327655,,[]
Fits me to a tee,14,10,109,8/30/2017 0:39,fits tee,0,0,Positive,"Neutral,","2,",Fact,0.091247781,,[]
Continue to maintain the cultural relevance of the area and use local artists.,6,5,110,8/30/2017 0:42,continue maintain cultural relevance area local artists,0.05,0.05,Positive,"Positive,","3,",Fact,0.06072166,,[]
Agreed,6,10,110,8/30/2017 0:42,agreed,0,0,Positive,"Neutral,","2,",Fact,0.096784713,,[]
I love it,24,12,110,8/30/2017 0:43,love,0.5,0.6,Positive,"Positive,","3,",Opinion,0.118436169,,[]
All above ideas sound GREAT!,15,5,110,8/30/2017 0:44,ideas sound great,0.466666667,0.416666667,Positive,"Positive,","3,",Fact,0.122724092,,[]
It will bring people outdoors to participate in the community which leads to healthier lifestyles.,15,16,110,8/30/2017 0:45,bring people outdoors participate community leads healthier lifestyles,0,0,Positive,"Neutral,","2,",Fact,0.041700643,,[]
"Until more adequate housing options are available to people experiencing homelessness, this does not seem like a suitable place to gather",33,17,111,8/30/2017 0:52,adequate housing options available people experiencing homelessness seem like suitable place gather,0.445833333,0.495833333,Positive,"Negative,","1,",Fact,0.083415531,,[]
San Diego transit takes forever,25,16,114,8/30/2017 2:20,san_diego transit takes forever,0,0,Positive,"Neutral,","2,",Fact,0.104608269,"CITY-San Diego,",['San Diego']
"This was a confusing survey. Just to reiterate, I think it's a beautiful idea to have a bridge and the fact that it's inexpensive (shouldn't use the word \cheap\""btw) is a plus!""",22,17,116,8/30/2017 3:12,confusing survey reiterate think beautiful idea bridge fact inexpensive shouldn word cheap btw plus,0.35,0.7,Positive,"Negative,Negative,","1,1,",Opinion,0.03255811,,"['\\cheap\\""btw']"
For the better,22,16,116,8/30/2017 3:12,better,0.5,0.5,Positive,"Neutral,","2,",Opinion,0.110733047,,[]
"This survey seriously needs to be improved. I have no idea of 1 is not likely or likely or if 5 is likely/not likely. But just to be clear, I have to say that art is meaningful  and I would visit if it's there. I would be concerned, however, with the number of homeless people that frecuente the area and the art being manipulated or tampered with.",6,17,116,8/30/2017 3:18,survey seriously needs improved idea likely likely likely likely clear say art meaningful visit concerned however number homeless people frecuente area art manipulated tampered,0.044444444,0.758333333,Positive,"Negative,Negative,Negative,Negative,","1,1,1,1,",Opinion,0.016233727,"NUMBER-1 5,",[' ']
I like the idea of changing installments so to come on a regular basis to check them out. Plus it allows local to out of town artist feature their work.,6,12,116,8/30/2017 3:19,like idea changing installments come regular basis check plus allows local town artist feature work,0,0.038461538,Positive,"Positive,Positive,","3,3,",Fact,0.062584651,"TITLE-artist,",[]
It would encourage neighbors to walk around and look at art or installments.,6,15,116,8/30/2017 3:21,encourage neighbors walk around look art installments,0,0,Positive,"Negative,","1,",Fact,0.068119177,,[]
"My experience is that pedestrians rarely want to climb stairs to get to where they want to go. This idea also doesn't seem to solve the vehicular traffic issue. While the idea is feasible, i don't find it very effective.",22,6,117,8/30/2017 3:32,experience pedestrians rarely want climb stairs get want go idea also doesn seem solve vehicular traffic issue idea feasible don find effective,0.54,0.95,Positive,"Negative,Negative,Negative,","1,1,1,",Opinion,0.023066832,,[]
I agree with the reference. I doubt the suspension bridges would get much use.,22,10,117,8/30/2017 3:33,agree reference doubt suspension bridges get much,0.2,0.2,Positive,"Negative,Negative,","1,1,",Fact,0.066903396,,[]
I don't think it would get much use or significantly improve the intersections challenges.,22,16,117,8/30/2017 3:33,don think get much significantly improve intersections challenges,0.2875,0.5375,Positive,"Negative,","1,",Opinion,0.067628004,,[]
I don't find this to be a very effective idea.,22,17,117,8/30/2017 3:34,don find effective idea,0.78,1,Positive,"Negative,","1,",Opinion,0.098766825,,[]
Any type of color realms of blue green and sand. San Diego is the city where you can swim in the blue water. Then hike amongst the green forests and enjoy the beauty of the desert sands.,1,12,120,8/30/2017 5:40,type color realms blue green sand san_diego city swim blue water hike amongst green forests enjoy beauty desert sands,0,0.26,Positive,"Positive,Positive,Positive,","3,3,3,",Fact,0.026248481,"CITY-San Diego,",['San Diego']
"It's adding to the skyline of \America's finest city\"" it would really help put east village on the map and expand the city. With more city you have less of a crowded gas lamp or little Italy.""",1,16,120,8/30/2017 5:44,adding skyline america finest city really help put east_village map expand city city less crowded gas lamp little italy,0.086458333,0.316666667,Positive,"Neutral,Neutral,","2,2,",Fact,0.030600364,"COUNTRY-America Italy,",['Italy']
This building is absolutely amazing. Build it. It would definitely help bring everything in especially once they reconstruct Sea Port Village,1,17,120,8/30/2017 5:45,building absolutely amazing build definitely help bring everything especially reconstruct sea port village,0.2,0.8,Positive,"Neutral,Neutral,Neutral,","2,2,2,",Opinion,0.021575956,"DATE-once,LOCATION-Sea Port Village,","['Build', 'Sea Port Village']"
I don't think it would really make too much of a difference. It would grow southern east village. Help spread it out more.,1,15,120,8/30/2017 5:46,don think really make much difference grow southern east_village help spread,0.225,0.225,Positive,"Negative,Negative,Negative,","1,1,1,",Fact,0.058938877,,[]
"Absolutely not. What would be the draw to bring people down in that area? A small monument? The USS Midway is our monument. The beach is our monument. We're not a NYC or an L. We don't need a monument. It would look great for a year, then n one would go down there to see it.  If your going to put a monument up put it in the East Village Green Park.",6,12,120,8/30/2017 5:51,absolutely draw bring people area small monument uss midway monument beach monument re nyc l don need monument look great year n one go see going put monument put east_village green park,-0.010185185,0.487962963,Negative,"Negative,Negative,Negative,Negative,Negative,Negative,Negative,Negative,Negative,","1,1,1,1,1,1,1,1,1,",Fact,0.02462702,"DURATION-a year,NUMBER-one,LOCATION-East Village,CITY-Green,LOCATION-Park,","['The USS Midway', 'NYC', 'L', 'the East Village Green Park']"
It's small. It's boring. This area definitely needs something with a wow factor-like the skyscraper.,6,10,120,8/30/2017 5:52,small boring area definitely needs something wow factor like skyscraper,-0.2875,0.725,Negative,"Positive,Positive,Positive,","3,3,3,",Opinion,0.238430621,,[]
It's just not cool. Not for that part of the city.,6,14,120,8/30/2017 5:52,cool part city,-0.175,0.65,Negative,"Neutral,Neutral,","2,2,",Opinion,0.088878775,,[]
N one is going to go down to that area just to see a small monument.,6,15,120,8/30/2017 5:53,n one going go area see small monument,-0.202777778,0.344444444,Negative,"Negative,","1,",Fact,0.136779086,"NUMBER-one,",[]
I feel the space could be used could use something much better. I feel like the bridges are boring. Cool in a different part of the city. But not for here,22,14,120,8/30/2017 5:55,feel space used something much better feel like bridges boring cool different part city,-0.0375,0.6875,Negative,"Neutral,Neutral,Neutral,Neutral,","2,2,2,2,",Opinion,0.088434625,,[]
She's absolutely correct.,22,10,120,8/30/2017 5:56,absolutely correct,0.2,0.9,Positive,"Positive,","3,",Opinion,0.082837028,,[]
Just don't build a bridge. Please.,22,5,120,8/30/2017 5:57,don build bridge please,0,0,Positive,"Neutral,Neutral,","2,2,",Fact,0.130596107,,[]
There would still be an intersection. Still be traffic. And still be people on the street.,22,15,120,8/30/2017 5:57,still intersection still traffic still people street,0,0,Positive,"Positive,Positive,Positive,","3,3,3,",Fact,0.09720305,,[]
"Good idea. But I feel the water front's water fountain is \San Diego's Fountain\"". N need for another.""",4,14,120,8/30/2017 5:59,good idea feel water front water fountain san_diego fountain n need another,0.7,0.6,Positive,"Neutral,Neutral,Neutral,","2,2,2,",Opinion,0.05859818,"CITY-San Diego,","[""\\San Diego's"", 'Fountain\\']"
Unless there's constant security-which I'm sure there would be. This would be a bathrobe for the homeless.,4,16,120,8/30/2017 5:59,unless constant security sure bathrobe homeless,0.25,0.611111111,Positive,"Neutral,Neutral,","2,2,",Opinion,0.078960982,,[]
Tax dollars on 24/7 quality security.,4,12,120,8/30/2017 6:00,tax dollars quality security,0,0,Positive,"Negative,","1,",Fact,0.05717808,"NUMBER-24/7,",[]
I just don't think this would fit in.,4,17,120,8/30/2017 6:01,don think fit,0.4,0.4,Positive,"Negative,","1,",Fact,0.128932761,,[]
I feel it would be spending a lot of money in an area that isn't going to be seen by many tourists. Put something in this loacation that will bring tourists and visitors.,25,14,120,8/30/2017 6:02,feel spending lot money area isn going seen many tourists put something loacation bring tourists visitors,0.5,0.5,Positive,"Neutral,Neutral,","2,2,",Opinion,0.138539427,,[]
Not likely to be there at all.,25,17,120,8/30/2017 6:03,likely,0,1,Positive,"Neutral,","2,",Opinion,0.105680408,,[]
"I feel like this location is [for a while] going to be the start and end to the width of the city. Cities need to be outlined by large buildings or areas. If a small park is placed here. I feel it wouldn't really attract many people at all. And IF it did become a busy area, it would be over crowded.",10,12,120,8/30/2017 6:06,feel like location going start end width city cities need outlined large buildings areas small park placed feel wouldn really attract many people become busy area crowded,0.152857143,0.365714286,Positive,"Negative,Negative,Negative,Negative,Negative,","1,1,1,1,1,",Fact,0.043231207,,[]
If there were going to be retail shops and stores and restaurants. Maybe,10,10,120,8/30/2017 6:06,going retail shops stores restaurants maybe,0,0,Positive,"Neutral,Neutral,","2,2,",Fact,0.073933367,,[]
N very feasible at all.,10,6,120,8/30/2017 6:07,n feasible,0.2,0.3,Positive,"Neutral,","2,",Fact,0.113696882,,[]
Why not make everyone with these ideas happy. The tower with a small park next to it and a large water fountain.,10,5,120,8/30/2017 6:08,make everyone ideas happy tower small park next large water fountain,0.191071429,0.457142857,Positive,"Neutral,Neutral,","2,2,",Fact,0.078653996,,[]
This property needs to be used to its fullest capability. Place something here with a wow factor.,27,5,120,8/30/2017 6:10,property needs used fullest capability place something wow factor,0.1,1,Positive,"Positive,Positive,","3,3,",Opinion,0.159911581,,[]
Only if it's a cool tower and a ride/gondola.,24,12,120,8/30/2017 6:12,cool tower ride gondola,0.175,0.825,Positive,"Neutral,","2,",Opinion,0.051453672,,[]
He's probably correct.,24,10,120,8/30/2017 6:12,probably correct,0,0,Positive,"Positive,","3,",Fact,0.076707489,,[]
Absolutely,24,5,120,8/30/2017 6:12,absolutely,0.2,0.9,Positive,"Positive,","3,",Opinion,0.112046415,,[]
Might get some attention,24,14,120,8/30/2017 6:13,might get attention,0,0,Positive,"Neutral,","2,",Fact,0.120323146,,[]
Very doable and important to promote,15,6,60,8/30/2017 15:50,doable important promote,0.3,0.65,Positive,"Positive,","3,",Opinion,0.111906921,,[]
Eyes on the street help keep us safe,15,14,60,8/30/2017 15:54,eyes street help keep us safe,0.5,0.5,Positive,"Positive,","3,",Opinion,0.091447923,,[]
It does help to paint well thought out lines on the streets,15,12,60,8/30/2017 15:55,help paint well thought lines streets,0,0,Positive,"Positive,","3,",Fact,0.04145477,,[]
"A marketplace is open to all and an egalatarian hub of community activities. The Barrio/East Village could use more of this to go with the commercial and residential redevelopment. All are required for a vibrant, desireable city.",35,16,121,8/30/2017 16:53,marketplace open egalatarian hub community activities barrio east_village go commercial residential redevelopment required vibrant desireable city,0.166666667,0.333333333,Positive,"Positive,Positive,Positive,","3,3,3,",Fact,0.036153687,,['East Village']
Proximity to the trolley line and other transit options will greatly enhance the viability of the market and therefore the success of the neighborhood. The patrons wont be limited to residents.,35,15,121,8/30/2017 16:54,proximity trolley line transit options greatly enhance viability market therefore success neighborhood patrons wont limited residents,0.225892857,0.316964286,Positive,"Negative,Negative,","1,1,",Fact,0.026229294,,[]
Extremely feasible,35,6,121,8/30/2017 16:54,extremely feasible,-0.125,1,Negative,"Neutral,","2,",Opinion,0.103094713,,[]
"towers are insular with typically minimal street presence of mixed uses - sporadically placed, not dense enough to draw shoppers well. Not create public solutions and we have enough of that already.",1,17,121,8/30/2017 16:56,towers insular typically minimal street presence mixed uses sporadically placed dense enough draw shoppers well create public solutions enough already,-0.02,0.383333333,Negative,"Neutral,Neutral,","2,2,",Fact,0.08661722,,[]
"mobility would only be aeffected for those living and working in the tower, not for the community as a whole.",1,15,121,8/30/2017 16:57,mobility aeffected living working tower community whole,0.1,0.7,Positive,"Negative,","1,",Opinion,0.041328885,,[]
"If a tower is to be considered, the height limitations selected should be chosen based on their impact to both communities.  Very tall structures in an otherwise low area create divisions both formally and urbanistically.",1,5,121,8/30/2017 16:59,tower considered height limitations selected chosen based impact communities tall structures otherwise low area create divisions formally urbanistically,0.1,0.3,Positive,"Negative,Negative,","1,1,",Fact,0.020188451,,[]
"Could be good for residents of the tower, probably not so good for everyone else.",1,16,121,8/30/2017 16:59,good residents tower probably good everyone else,0.7,0.6,Positive,"Negative,","1,",Opinion,0.053641245,,[]
usually are mere novelties,6,16,121,8/30/2017 17:00,usually mere novelties,-0.375,0.375,Negative,"Neutral,","2,",Fact,0.12556161,,[]
It is good to review and recognize successful attempts in other cities to enliven the public landscape. Understanding reasons for success is paramount.,6,5,121,8/30/2017 17:01,good review recognize successful attempts cities enliven public landscape understanding reasons success paramount,0.325,0.398333333,Positive,"Positive,Positive,","3,3,",Fact,0.040958831,,[]
Probably not. Depends on what.,6,12,121,8/30/2017 17:01,probably depends,0,0,Positive,"Neutral,Neutral,","2,2,",Fact,0.074525352,,[]
"Maybe would have a positive impact culturally, a viable market would do so to a greater and more significant way though.",6,14,121,8/30/2017 17:02,maybe positive impact culturally viable market greater significant way though,0.340454545,0.504090909,Positive,"Negative,","1,",Opinion,0.126713713,,[]
Interactive art is generally visited once for the novelty of it and then just remembered.,6,17,121,8/30/2017 17:03,interactive art generally visited novelty remembered,0.05,0.5,Positive,"Negative,","1,",Opinion,0.091082059,"DATE-once,",[]
"its a traffic circulation element, not a place. not about human interactions at all.",3,17,121,8/30/2017 17:05,traffic circulation element place human interactions,0,0.1,Positive,"Negative,Negative,","1,1,",Fact,0.09505183,,[]
"Auto traffic is improved, all else is negatively impacted.",3,15,121,8/30/2017 17:05,auto traffic improved else negatively impacted,-0.3,0.4,Negative,"Positive,","3,",Fact,0.151883426,,[]
safety neutral,3,14,121,8/30/2017 17:06,safety neutral,0,0,Positive,"Neutral,","2,",Fact,0.105034202,"IDEOLOGY-neutral,",[]
Th Highline Park in NYC is very successful at connecting existing well established neighborhoods. I doubt would be effective in fostering growth and community.,22,5,121,8/30/2017 17:07,th highline park nyc successful connecting existing well established neighborhoods doubt effective fostering growth community,0.7875,0.9,Positive,"Negative,Negative,","1,1,",Opinion,0.039915813,"LOCATION-Highline Park,","['Highline Park', 'NYC']"
The uniqueness of space created would be very positive and desirable. Homeless issue could prove challenging.,22,17,121,8/30/2017 17:10,uniqueness space created positive desirable homeless issue prove challenging,0.397727273,0.854545455,Positive,"Negative,Negative,","1,1,",Opinion,0.140943355,,[]
Homeless attraction would be a bad result and could easily happen.,22,14,121,8/30/2017 17:10,homeless attraction bad result easily happen,-0.133333333,0.75,Negative,"Negative,","1,",Opinion,0.095125346,,[]
you cant!,4,12,121,8/30/2017 17:11,cant,0,0,Positive,"Positive,","3,",Fact,0.120956044,,[]
homeless attraction.,4,14,121,8/30/2017 17:11,homeless attraction,0,0,Positive,"Neutral,","2,",Fact,0.148308102,,[]
"been there, done that. another fountain.",4,17,121,8/30/2017 17:11,done another fountain,0,0,Positive,"Neutral,Neutral,","2,2,",Fact,0.120956044,,[]
neutral solution.,4,15,121,8/30/2017 17:11,neutral solution,0,0,Positive,"Positive,","3,",Fact,0.104905287,"IDEOLOGY-neutral,",[]
neutral solution,4,16,121,8/30/2017 17:12,neutral solution,0,0,Positive,"Neutral,","2,",Fact,0.104905287,"IDEOLOGY-neutral,",[]
the activity and density will create business opportunities that enhane the lives of all residents and visitors.,25,16,121,8/30/2017 17:13,activity density create business opportunities enhane lives residents visitors,0,0,Positive,"Positive,","3,",Fact,0.138176788,,[]
"not very, trolley hub is already close by. Maybe on a small scale combined with market.",25,6,121,8/30/2017 17:13,trolley hub already close maybe small scale combined market,-0.175,0.35,Negative,"Neutral,Neutral,","2,2,",Fact,0.073938983,,[]
Action!,25,17,121,8/30/2017 17:14,action,0.125,0.1,Positive,"Neutral,","2,",Fact,0.108360478,,[]
A solution in search of an idea.,27,10,121,8/30/2017 17:15,solution search idea,0,0,Positive,"Positive,","3,",Fact,0.087033833,,[]
the historical connection is neutral. What activity is supported is more significant.,27,14,121,8/30/2017 17:15,historical connection neutral activity supported significant,0.291666667,0.458333333,Positive,"Positive,Positive,","3,3,",Fact,0.076619533,"IDEOLOGY-neutral,",[]
neutral concept,27,15,121,8/30/2017 17:16,neutral concept,0,0,Positive,"Neutral,","2,",Fact,0.080463633,"IDEOLOGY-neutral,",[]
lots of authority is the only way. sorry to say. Our homeless issues impact all such concepts negatively.,10,12,121,8/30/2017 17:18,lots authority way sorry say homeless issues impact concepts negatively,-0.2,0.725,Negative,"Negative,Negative,Negative,","1,1,1,",Opinion,0.061833991,,[]
attractive nuisance to homeless,10,16,121,8/30/2017 17:18,attractive nuisance homeless,0.8,1,Positive,"Positive,","3,",Opinion,0.242754082,,[]
no reason for me to go,10,17,121,8/30/2017 17:18,reason go,0,0,Positive,"Neutral,","2,",Fact,0.107566872,,[]
I would be 100% interested in an East Village market!,35,10,125,8/30/2017 21:51,interested east_village market,0.3125,0.5,Positive,"Neutral,","2,",Opinion,0.037753638,"PERCENT-100 %,",['East Village']
"Creating a link between Barrio Logan and East Village is a necessity for the positive development of both neighborhoods.  The weekly market is a great idea and requires creating a large plaza area where this can be set up.  It could also serve as an outdoor performance area for locally based musicians, performers and artists.  Ongoing activities at this plaza would be required to keep it activated and of interest to the diverse population of the area.  Maybe a private industry promoter could be hired for this and also take over responsibility for activating Horton Plaza Park which Westfield has failed at.",35,5,124,8/30/2017 21:52,creating link barrio_logan east_village necessity positive development neighborhoods weekly market great_idea requires creating large plaza area set also serve outdoor performance area locally based musicians performers artists ongoing activities plaza required keep activated interest diverse population area maybe private industry promoter hired also take responsibility activating horton plaza park westfield failed,0.123593074,0.399837662,Positive,"Negative,Negative,Negative,Negative,Negative,","1,1,1,1,1,",Fact,0.0078478,"LOCATION-Barrio,CITY-Logan,LOCATION-East Village,ORGANIZATION-Horton Plaza Park Westfield,","['Barrio Logan', 'East Village', 'Horton Plaza Park', 'Westfield']"
Very feasible with right organizations operating it and a funded budget to give the operation the proper grand opening launch and ramp up.  Otherwise it will go the way of the Barrio Logan public market.  A lot will depend on what other development isn't planned for this area.,35,6,124,8/30/2017 21:53,feasible right organizations operating funded budget give operation proper grand opening launch ramp otherwise go way barrio_logan public market lot depend development isn planned area,0.143452381,0.396230159,Positive,"Negative,Negative,Negative,","1,1,1,",Fact,0.008904218,"LOCATION-Barrio,CITY-Logan,",[]
Noted in previous question responses.,35,10,124,8/30/2017 21:54,noted previous question responses,-0.166666667,0.166666667,Negative,"Neutral,","2,",Fact,0.099119119,,[]
"Well it would definitely increase traffic in that area on market days but I do also think it would benefit the mobility in the sense that I think the public transport in that area has a negative reputation because of the large homeless population. By adding the market, that area becomes friendlier, safer, and more people would be attracted to using the public transport.",35,15,125,8/30/2017 21:55,well definitely increase traffic area market days also think benefit mobility sense think public transport area negative reputation large homeless population adding market area becomes friendlier safer people attracted using public transport,0.069047619,0.326984127,Positive,"Negative,Negative,","1,1,",Fact,0.004117906,"DURATION-days,",[]
"The homeless problem has to be dealt with/ removed for there to be any chance of creating an area that has a perception of safety.  We don't want another park like Horton, Children's or Faultline where the only residents enjoying the amenity are our homeless ones,",35,14,124,8/30/2017 21:56,homeless problem dealt removed chance creating area perception safety don want another park like horton children faultline residents enjoying amenity homeless ones,0.25,0.8,Positive,"Negative,Negative,","1,1,",Opinion,0.203444501,"PERSON-Horton,","['Horton,']"
Eliminating auto traffic is not feasible.  The link between Barrio Logan and East Village is needed.,14,10,124,8/30/2017 21:59,eliminating auto traffic feasible link barrio_logan east_village needed,0,0,Positive,"Neutral,Neutral,","2,2,",Fact,0.046164214,"LOCATION-Barrio,CITY-Logan,LOCATION-East Village,","['Barrio Logan', 'East Village']"
"Beautiful, but we already have an iconic pedestrian bridge that doesn't attract pedestrians at Harbor and Petco Park.  Don't see how this activates this important pedestrian area",34,10,124,8/30/2017 22:01,beautiful already iconic pedestrian bridge doesn attract pedestrians harbor petco park don see activates important pedestrian area,0.583333333,0.833333333,Positive,"Neutral,Neutral,","2,2,",Opinion,0.079142283,"LOCATION-Harbor Petco Park,","['Harbor', 'Petco Park']"
"Other than safety for pedestrians crossing the street, what safety feature does it have?",34,14,124,8/30/2017 22:03,safety pedestrians crossing street safety feature,-0.125,0.375,Negative,"Negative,","1,",Fact,0.127102362,,[]
Great concepts,15,15,124,8/30/2017 22:07,great concepts,0.8,0.75,Positive,"Positive,","3,",Opinion,0.09553006,,[]
Almost half of downtown residents have a dog and need pet friendly destinations.  Keep this in mind.,15,10,124,8/30/2017 22:08,almost half downtown residents dog need pet friendly destinations keep mind,0.104166667,0.333333333,Positive,"Positive,Positive,","3,3,",Fact,0.101763744,,[]
None.  It enables pedestrians and vehicles to coexist without building bridges.,3,12,124,8/30/2017 22:09,none enables pedestrians vehicles coexist without building bridges,0,0,Positive,"Negative,Negative,","1,1,",Fact,0.089514627,,[]
Pedestrian crossing as well as confusing vehicle directions will be improved.,3,14,124,8/30/2017 22:10,pedestrian crossing well confusing vehicle directions improved,-0.3,0.4,Negative,"Negative,","1,",Fact,0.113839798,,[]
"We have a trolley transit hub that can be expanded to accommodate other modes.  Don't let it take over this area idea, for pedestrian jumping on point.",25,5,124,8/30/2017 22:13,trolley transit_hub expanded accommodate modes don let take area idea pedestrian jumping point,-0.125,0.375,Negative,"Negative,Negative,","1,1,",Fact,0.034487118,,[]
"Maybe it's part of a plan, but don't see it as a destination.",4,17,124,8/30/2017 22:15,maybe part plan don see destination,0,0,Positive,"Neutral,","2,",Fact,0.087150081,,[]
"As long as it has activation for pedestrians, families, canines and lovers.  Not just another archway sign.",26,5,124,8/30/2017 22:16,long activation pedestrians families canines lovers another archway sign,-0.05,0.4,Negative,"Negative,Negative,","1,1,",Fact,0.054546811,,[]
The current bus terminal area has become a hangout for homeless and loiterers- it does not feel safe and is dirty and smelly,14,15,126,8/30/2017 23:23,current bus terminal area become hangout homeless loiterers feel safe dirty smelly,-0.033333333,0.566666667,Negative,"Negative,","1,",Opinion,0.491331014,"DATE-current,",[]
"If there were vendors and activity encouraging flow it would help decrease individuals from hanging, using drugs, and littering",14,16,126,8/30/2017 23:26,vendors activity encouraging flow help decrease individuals hanging using drugs littering,0,0,Positive,"Neutral,","2,",Fact,0.051695905,"CRIMINAL_CHARGE-drugs,",[]
Fairly - but just like the proposal for a football stadium in San Diego it would involve tax payer buy in- something needs to be done to help the homeless situation.,14,6,126,8/30/2017 23:27,fairly like proposal football stadium san_diego involve tax payer buy something needs done help homeless situation,0.7,0.9,Positive,"Negative,","1,",Opinion,0.024651939,"CITY-San Diego,",['San Diego']
I agree- one of the reasons I like living downtown is that I don't need to get in my car to go every where- however with the homeless situation it is becoming harder to do so with ensuring my safety and feeling the environment is being taken care of and respected.  San Diego has been called americas finest city but it is quickly becoming americas filthiest city with the homeless situation getting more and more out of hand and clearly a public health concern for EVERYONE!,14,10,126,8/30/2017 23:30,agree one reasons like living downtown don need get car go every however homeless situation becoming harder ensuring safety feeling environment taken care respected san_diego called americas finest city quickly becoming americas filthiest city homeless situation getting hand clearly public health concern everyone,0.3,0.461111111,Positive,"Negative,Negative,","1,1,",Fact,0.043452866,"NUMBER-one,CITY-San Diego,",['San Diego']
"Accessing their homes? Do the current living places have on-site security, or a front guard - they would have to stay vigilant.  Plans to protect pedestrians from bicycles? You would create/paint a bike path on the pavement.  How can we raise the money? Fundraising and looking at grant opportunities where you can leverage what's raised.",15,12,128,8/31/2017 16:18,accessing homes current living places site security front guard stay vigilant plans protect pedestrians bicycles create paint bike path pavement raise money fundraising looking grant opportunities leverage raised,0,0.4,Positive,"Neutral,Neutral,Neutral,Neutral,Neutral,Neutral,","2,2,2,2,2,2,",Fact,0.045775986,"DATE-current,TITLE-guard,",[]
"Very feasible.  It's just about changing creature habits (also work through Circulate San Diego, the Bike Coalition - grassroot groups that receive funding to implement these types of projects).",15,6,128,8/31/2017 16:20,feasible changing creature habits also work circulate san_diego bike coalition grassroot groups receive funding implement types projects,0.2,0.3,Positive,"Negative,Negative,","1,1,",Fact,0.02925426,"LOCATION-Circulate,CITY-San Diego,","['Circulate San Diego', 'Bike Coalition']"
Would have to respect age/ability/and why the person who walks is - do they live downtown and not need a car? Do they work downtown and not move their car during the day? Are they tourists that are taking car services? Are they greater-San Diego residents just visiting for a day and need a car park to be able to walk?,15,5,128,8/31/2017 16:21,respect age ability person walks live downtown need car work downtown move car day tourists taking car services greater san_diego residents visiting day need car park able walk,0.318181818,0.5625,Positive,"Negative,Negative,Negative,Negative,","1,1,1,1,",Opinion,0.031504959,"DATE-the day,MISC-greater-San Diego,DURATION-a day,",['San Diego']
Suggest to work with the East Village Association in their future planned role-out of a night market,35,17,128,8/31/2017 17:27,suggest work east_village association future planned role night market,0,0.125,Positive,"Neutral,","2,",Fact,0.007416955,"ORGANIZATION-East Village Association,DATE-future,TIME-night,",['the East Village Association']
"Depends on the location, and the activity of the market - if it's only 1x a week in a blight area - there would need to be additional activities the other days of the week",35,14,128,8/31/2017 17:29,depends location activity market 1x week blight area need additional activities days week,-0.0625,0.6875,Negative,"Negative,","1,",Opinion,0.029934942,"DURATION-a week,DATE-the other days of the week,",[]
Historical murals on the bridge...,35,5,128,8/31/2017 17:29,historical murals bridge,0,0,Positive,"Neutral,","2,",Fact,0.109082424,,[]
"would provide the opportunity to get fresh produce, create a neighborhood feel, and meet neighbors",35,12,128,8/31/2017 17:30,provide opportunity get fresh produce create neighborhood feel meet neighbors,0.3,0.5,Positive,"Positive,","3,",Opinion,0.041816615,,[]
It would beautify a blight area; allow the opportunity to involve the schools/universities into the project,2,16,128,8/31/2017 17:31,beautify blight area allow opportunity involve schools universities project,0,0,Positive,"Neutral,","2,",Fact,0.026744959,,[]
"It would make a safer \bridge\"" in traveling to the Barrio Logan.""",2,17,128,8/31/2017 17:33,make safer bridge traveling barrio_logan,0,0,Positive,"Neutral,","2,",Fact,0.073893063,"LOCATION-Barrio,CITY-Logan,",['the Barrio Logan']
Ideally it would help alleviate the tent camps,2,14,128,8/31/2017 17:33,ideally help alleviate tent camps,0.9,1,Positive,"Neutral,","2,",Opinion,0.071938407,,[]
"Reach out to the School system (i.e. FIDM, NewSchool, Community College, soon-to-be UCSD)",2,12,128,8/31/2017 17:35,reach school system fidm newschool community college soon ucsd,0,0,Positive,"Negative,","1,",Fact,0.057908398,"ORGANIZATION-NewSchool Community College UCSD,","['NewSchool, Community College', 'UCSD']"
"This is not a feasible idea - insurance, operation/maintenance, installation costs, permit approval etc.  I would suggest discussing this concept with County Supervisor Roberts office as he is supportive of a SANDAG Balboa-to Downtown Gondola Project.",24,14,128,8/31/2017 17:37,feasible idea insurance operation maintenance installation costs permit approval etc suggest discussing concept county supervisor roberts office supportive sandag balboa downtown gondola project,0.5,1,Positive,"Negative,Negative,","1,1,",Opinion,0.041358699,"TITLE-Supervisor,PERSON-Roberts,","['County Supervisor Roberts', 'SANDAG', 'Downtown Gondola Project']"
"as previously stated - I would be supportive of the gondola idea, not the zipline",24,5,128,8/31/2017 17:39,previously stated supportive gondola idea zipline,0.166666667,0.583333333,Positive,"Negative,","1,",Opinion,0.057997459,"DATE-previously,",[]
"It's dangerous and would need to be partnered with San Diego Tourism Authority *for example, to be able to afford the advertisement, transportation to and from, insurance, staffing, etc.",24,16,128,8/31/2017 17:40,dangerous need partnered san_diego tourism authority example able afford advertisement transportation insurance staffing etc,-0.05,0.7625,Negative,"Negative,","1,",Opinion,0.032972018,"ORGANIZATION-San Diego Tourism Authority,",['San Diego Tourism Authority']
I would scrap this concept in it's entirety.,24,10,128,8/31/2017 17:40,scrap concept entirety,0,0,Positive,"Negative,","1,",Fact,0.098066709,,[]
I do not like it.,24,12,128,8/31/2017 17:41,like,0,0,Positive,"Negative,","1,",Fact,0.131798618,,[]
This is a great idea to activate the area and deter unwanted uses.,35,17,129,8/31/2017 18:18,great_idea activate area deter unwanted uses,0.8,0.75,Positive,"Positive,","3,",Opinion,0.069047619,,[]
positively,35,12,129,8/31/2017 18:18,positively,0.227272727,0.545454545,Positive,"Positive,","3,",Opinion,0.119487589,,[]
"Both neighborhoods need to be connected in this area, partnering with the Barrio would be critical. These kinds of submissions are negative and do not foster community and neighborly feelings.",35,5,129,8/31/2017 18:19,neighborhoods need connected area partnering barrio critical kinds submissions negative foster community neighborly feelings,-0.15,0.6,Negative,"Negative,Negative,","1,1,",Opinion,0.019197061,,[]
"For a segment, yes this would be great! the street could be narrowed and sidewalks increased (from K street to Commercial). K to Imperial is often closed for Petco Park games and events, so it's already been started.",15,6,129,8/31/2017 18:24,segment yes great street narrowed sidewalks increased k street commercial k imperial often closed petco park games events already started,0.3,0.283333333,Positive,"Negative,Negative,Negative,","1,1,1,",Fact,0.035759696,"ORGANIZATION-Imperial Petco Park,","['Imperial', 'Petco Park']"
i would not walk down 14th street until the homeless problem is addressed,15,14,131,9/3/2017 18:26,walk 14th street homeless problem addressed,-0.155555556,0.288888889,Negative,"Negative,","1,",Fact,0.112223942,"ORDINAL-14th,",[]
see previous answer,15,17,131,9/3/2017 18:27,see previous answer,-0.166666667,0.166666667,Negative,"Neutral,","2,",Fact,0.153284714,,[]
see prior comments,15,15,131,9/3/2017 18:27,see prior comments,0,0,Positive,"Positive,","3,",Fact,0.111224007,,[]
sounds good,35,6,131,9/3/2017 18:28,sounds good,0.7,0.6,Positive,"Positive,","3,",Opinion,0.083692972,,[]
not sure,35,14,131,9/3/2017 18:28,sure,-0.25,0.888888889,Negative,"Neutral,","2,",Opinion,0.09891724,,[]
"it would be cool to connect these neighborhoods,",35,12,131,9/3/2017 18:29,cool connect neighborhoods,0.35,0.65,Positive,"Positive,","3,",Opinion,0.074847661,,[]
not good.,35,10,131,9/3/2017 18:29,good,-0.35,0.6,Negative,"Negative,","1,",Opinion,0.107441779,,[]
hopefully i will not be accosted on the way over,35,17,131,9/3/2017 18:30,hopefully accosted way,0,0,Positive,"Neutral,","2,",Fact,0.095488874,,[]
People who live in the community and in nearby communities would be outside and interacting with one another. A monthly or quarterly Crafts Fair would be one possibility. I know there's a lot of creativity in the Barrio.,35,16,132,9/4/2017 20:48,people live community nearby communities outside interacting one another monthly quarterly crafts fair one possibility know lot creativity barrio,0.278787879,0.483333333,Positive,"Positive,Positive,Positive,","3,3,3,",Fact,0.048258951,"NUMBER-one,MISC-Crafts Fair,NUMBER-one,LOCATION-Barrio,",['Crafts Fair']
"Occasional street closures for markets and craft fairs, other events, would encourage and facilitate residents and visitors getting around on foot, by bicycle and by public transportation. Parking has always been problematic when I have visited the community (I don't live there or nearby). This also would be a greater incentive for others who live outside of the community to visit and explore.",35,15,132,9/4/2017 20:51,occasional street closures markets craft fairs events encourage facilitate residents visitors getting around foot bicycle public transportation parking always problematic visited community don live nearby also greater incentive others live outside community visit explore,0.092532468,0.302380952,Positive,"Negative,Negative,Negative,","1,1,1,",Fact,0.098226621,,[]