oPrZn8s,Wed, 24 Jul 2019 21:11:40 GMT,click, idea, 1
oPrZn8s,Wed, 24 Jul 2019 21:11:42 GMT,click, idea, 1
oPrZn8s,Wed, 24 Jul 2019 21:11:45 GMT,click, idea, 1
oPrZn8s,Wed, 24 Jul 2019 21:11:49 GMT,click, idea, 1
oPrZn8s,Wed, 24 Jul 2019 21:11:50 GMT,click, idea, 1
oPrZn8s,Wed, 24 Jul 2019 21:11:52 GMT,click, idea, 1
oPrZn8s,Wed, 24 Jul 2019 21:11:53 GMT,click, idea, 1
oPrZn8s,Wed, 24 Jul 2019 21:11:54 GMT,click, idea, 35
oPrZn8s,Wed, 24 Jul 2019 21:12:00 GMT,click, idea, 35
oPrZn8s,Wed, 24 Jul 2019 21:12:03 GMT,click, idea, 35
oPrZn8s,Wed, 24 Jul 2019 21:12:08 GMT,click, idea, 1
oPrZn8s,Wed, 24 Jul 2019 21:12:12 GMT,click, idea, 1
oPrZn8s,Wed, 24 Jul 2019 21:12:14 GMT,click, idea, 1
oPrZn8s,Wed, 24 Jul 2019 21:12:21 GMT,click, idea, 35
oPrZn8s,Wed, 24 Jul 2019 21:12:23 GMT,click, idea, 35
oPrZn8s,Wed, 24 Jul 2019 21:12:27 GMT,click, idea, 35
oPrZn8s,Wed, 24 Jul 2019 21:12:29 GMT,click, idea, 35
oPrZn8s,Wed, 24 Jul 2019 21:12:31 GMT,click, idea, 35
oPrZn8s,Wed, 24 Jul 2019 21:12:32 GMT,click, idea, 35
oPrZn8s,Wed, 24 Jul 2019 21:12:33 GMT,click, idea, 35
oPrZn8s,Wed, 24 Jul 2019 21:12:34 GMT,click, idea, 35
oPrZn8s,Wed, 24 Jul 2019 21:13:46 GMT,click, idea, 1
oPrZn8s,Wed, 24 Jul 2019 21:14:09 GMT,click, idea, 1
oPrZn8s,Wed, 24 Jul 2019 21:14:15 GMT,click, idea, 1
oPrZn8s,Wed, 24 Jul 2019 21:14:16 GMT,click, idea, 1
oPrZn8s,Wed, 24 Jul 2019 21:16:19 GMT,click, idea, 1
oPrZn8s,Wed, 24 Jul 2019 21:16:23 GMT,click, idea, 35
oPrZn8s,Wed, 24 Jul 2019 21:16:25 GMT,click, idea, 34
oPrZn8s,Wed, 24 Jul 2019 21:16:30 GMT,click, idea, 35
oPrZn8s,Thu, 25 Jul 2019 23:54:18 GMT,click, idea, 1
oPrZn8s,Thu, 25 Jul 2019 23:54:20 GMT,click, idea, 1
oPrZn8s,Thu, 25 Jul 2019 23:54:21 GMT,click, idea, 1
oPrZn8s,Thu, 25 Jul 2019 23:54:22 GMT,click, idea, 1
oPrZn8s,Thu, 25 Jul 2019 23:54:23 GMT,click, idea, 1
oPrZn8s,Thu, 25 Jul 2019 23:54:24 GMT,click, idea, 1
oPrZn8s,Thu, 25 Jul 2019 23:54:24 GMT,click, idea, 1
oPrZn8s,Thu, 25 Jul 2019 23:54:29 GMT,click, idea, 1
oPrZn8s,Thu, 25 Jul 2019 23:54:30 GMT,click, idea, 1
oPrZn8s,Thu, 25 Jul 2019 23:54:32 GMT,click, idea, 1
oPrZn8s,Thu, 25 Jul 2019 23:54:32 GMT,click, idea, 1
oPrZn8s,Thu, 25 Jul 2019 23:54:33 GMT,click, idea, 1
oPrZn8s,Thu, 25 Jul 2019 23:54:35 GMT,click, idea, 1
oPrZn8s,Thu, 25 Jul 2019 23:54:38 GMT,click, idea, 1
oPrZn8s,Thu, 25 Jul 2019 23:54:39 GMT,click, idea, 1
oPrZn8s,Thu, 25 Jul 2019 23:54:41 GMT,click, idea, 1
oPrZn8s,Thu, 25 Jul 2019 23:54:42 GMT,click, idea, 1
oPrZn8s,Thu, 25 Jul 2019 23:54:43 GMT,click, idea, 1
oPrZn8s,Thu, 25 Jul 2019 23:54:44 GMT,click, idea, 1
oPrZn8s,Thu, 25 Jul 2019 23:54:45 GMT,click, idea, 1
oPrZn8s,Thu, 25 Jul 2019 23:54:46 GMT,click, idea, 1
oPrZn8s,Thu, 25 Jul 2019 23:54:47 GMT,click, idea, 1
oPrZn8s,Thu, 25 Jul 2019 23:54:48 GMT,click, idea, 1
oPrZn8s,Thu, 25 Jul 2019 23:54:48 GMT,click, idea, 1
oPrZn8s,Thu, 25 Jul 2019 23:54:49 GMT,click, idea, 1
oPrZn8s,Thu, 25 Jul 2019 23:54:49 GMT,click, idea, 1
oPrZn8s,Thu, 25 Jul 2019 23:54:59 GMT,click, idea, 1
oPrZn8s,Thu, 25 Jul 2019 23:55:04 GMT,click, idea, 1
oPrZn8s,Fri, 26 Jul 2019 00:00:07 GMT,click, idea, 1
oPrZn8s,Fri, 26 Jul 2019 00:00:08 GMT,click, idea, 1
oPrZn8s,Fri, 26 Jul 2019 00:00:09 GMT,click, idea, 1
oPrZn8s,Fri, 26 Jul 2019 00:00:10 GMT,click, idea, 1
oPrZn8s,Mon, 05 Aug 2019 17:44:14 GMT,click, idea, 1
oPrZn8s,Mon, 05 Aug 2019 17:44:15 GMT,click, idea, 1
oPrZn8s,Mon, 05 Aug 2019 17:44:20 GMT,click, idea, 1
oPrZn8s,Mon, 05 Aug 2019 17:44:24 GMT,click, idea, 1
oPrZn8s,Mon, 05 Aug 2019 17:44:26 GMT,click, idea, 1
oPrZn8s,Mon, 05 Aug 2019 17:44:26 GMT,click, idea, 1
oPrZn8s,Mon, 05 Aug 2019 17:44:27 GMT,click, idea, 1
oPrZn8s,Mon, 05 Aug 2019 17:44:36 GMT,click, idea, 1
oPrZn8s,Mon, 05 Aug 2019 17:44:37 GMT,click, idea, 1
oPrZn8s,Mon, 05 Aug 2019 17:44:37 GMT,click, idea, 1
